,Multiple sclerosis,,no.58,,,Tuberculosis,,no.87,,,Rheumatoid arthritis,,no.81,,,Pancreatic cancer,,no.69,
,no.,circRNA,known associations,predicted scores,,no.,circRNA,known associations,predicted scores,,no.,circRNA,known associations,predicted scores,,no.,circRNA,known associations,predicted scores
remaining associations of circRNA,418,hsa_circ_0056731,1,0.898838272,,580,hsa_circ_0001417,1,0.894423154,,550,circRNA_092516,1,0.894516363,,471,circ-LDLRAD3/hsa_circ_0006988,1,0.892105761
,417,hsa_circ_0001400,1,0.897950658,,579,hsa_circ_0030045,1,0.889363234,,549,circRNA_103047,1,0.891408163,,469,hsa_circRNA_104084,1,0.888088659
,420,GSDMB ecircRNA/hsa_circ_0106803,1,0.895019448,,582,hsa_circ_0001204 ,1,0.888734784,,547,circRNA_003524,1,0.890444907,,470,hsa_circRNA_104270,1,0.887072736
,419,hsa_circ_0024892,1,0.894873123,,578,hsa_circ_0043497,1,0.885871814,,546,circRNA_104871,1,0.890412197,,468,hsa_circRNA_103390,1,0.884268439
,416,hsa_circ_0000519,1,0.892996026,,581,hsa_circ_0030569,1,0.882143649,,548,circRNA_101873,1,0.8885909,,467,hsa_circRNA_103076,1,0.881854694
 top10 predicted associations of circRNA,228,hsa_circ_0000520,1,0.10622339,,55,hsa_circ_0002113,0,0.081155469,,457,hsa_circRNA_104194/hsa_circ_0004712,1,0.092870561,,445,hsa_circRNA_102049,1,0.079890192
,413,hsa_circ_0035560,1,0.091072847,,32,hsa_circRNA_100782/circHIPK3/hsa_circ_0000284,0,0.045660369,,545,hsa_circRNA_102594/hsa_circ_0052012,1,0.05672875,,32,hsa_circRNA_100782/circHIPK3/hsa_circ_0000284,0,0.065168369
,415,hsa_circ_0000517,1,0.090877092,,575,hsa_circRNA_102101,1,0.044557223,,544,hsa_circRNA_101407/hsa_circ_0032683,1,0.054733731,,463,hsa_circRNA_100433,1,0.063753804
,414,hsa_circ_0005402,1,0.088619531,,574,hsa_ circRNA_005086,1,0.042671234,,432,hsa_circ_0023404/circRNA_100876/circ-CER,0,0.051894666,,465,hsa_circRNA_102051,1,0.061095988
,142,circZNF609/hsa_circ_0000615,0,0.063098664,,573,hsa_circRNA_009024,1,0.041186941,,543,hsa_circRNA_103334/hsa_circ_0064996,1,0.050470527,,466,hsa_circRNA_102619,1,0.0565473
,183,circRNA_000167/hsa_circRNA_000167/hsa_circ_0000518,1,0.060792217,,576,hsa_circRNA_104964,1,0.039468228,,542,hsa_circRNA_104593/hsa_circ_0083964,1,0.046813574,,464,hsa_circRNA_101717,1,0.056259013
,320,Circ_MCTP1/hsa_circ_0005540,0,0.036742923,,572,hsa_circRNA_001937,1,0.038434311,,541,hsa_circ_0001859,1,0.043336663,,18,CDR1as/ciRS-7/hsa_circ_0001946,0,0.04717012
,18,CDR1as/ciRS-7/hsa_circ_0001946,0,0.023096502,,577,hsa_circRNA_104296,1,0.03530145,,142,circZNF609/hsa_circ_0000615,0,0.037684842,,85,hsa_circ_0001313/circCCDC66,1,0.042956927
,69,hsa_circRNA_103110/hsa_circ_103110/hsa_circ_0004771,0,0.019497122,,174,circRNA-chr19,0,0.02955333,,438,hsa_circRNA_103387,0,0.022824939,,183,circRNA_000167/hsa_circRNA_000167/hsa_circ_0000518,1,0.037896833
,89,circWDR77/hsa_circ_0013509,0,0.018900056,,527,circRNA_13478,0,0.017747049,,439,hsa_circRNA_101975,0,0.022405609,,69,hsa_circRNA_103110/hsa_circ_103110/hsa_circ_0004771,0,0.037686175
,424,DTNA/hsa_circ_0108308,0,0.017893767,,69,hsa_circRNA_103110/hsa_circ_103110/hsa_circ_0004771,0,0.017376962,,435,hsa_circ_0005105,0,0.02235563,,86,circPVT1/hsa_circ_0001821,0,0.030296328
,328,hsa_circRNA_004183,0,0.016451159,,517,hsa_circ_0000681,0,0.015920451,,440,circRNA-MSR/hsa_circ_0005567,0,0.021263245,,29,Cir-ITCH/hsa_circ_0001141/hsa_circ_001763,0,0.025415892
,362,hsa_circ_0005870,0,0.015094983,,323,CircSLC8A1-1,0,0.014933272,,436,hsa_circ_0045714,0,0.020049926,,16,circRNA_102913/hsa_circ_0058058,0,0.019789039
,423,EFCAB11/hsa_circ_0032891,0,0.014801157,,23,hsa_circ_0005912,0,0.014899635,,437,hsa_circRNA_000598,0,0.016523551,,473,hsa_circ_0006220,0,0.016361445
,422,MAP4K3/hsa_circ_0054211,0,0.014112333,,29,Cir-ITCH/hsa_circ_0001141/hsa_circ_001763,0,0.014816324,,375,hsa_circ_0080210/circ-GRB10,0,0.013694124,,106,hsa_circ_0001649,0,0.015563022
,385,hsa_circ_102470,0,0.013982254,,158,hsa_circ_0087215,0,0.014302234,,344,hsa_circ_0023114,0,0.013342576,,176,hsa_circ_0002577,0,0.0134931
,90,circR-284,0,0.013751526,,358,hsa_circRNA_100709/hsa_circ_0003570,0,0.014135598,,66,circMED13,0,0.01267188,,511,hsa_circ_0005267,0,0.012575084
,520,hsa_circ_0000414,0,0.013189331,,506,hsa_circ_0089810,0,0.013390227,,558,hsa_circ_100775/hsa_circ_0021549,0,0.012285666,,347,hsa_circ_0057336,0,0.012564061
,421,IQCK/hsa_circ_0038374,0,0.012681704,,523,circRNA_14623,0,0.01305184,,184,circRNA_101419/hsa_circ_0032832,0,0.011749884,,358,hsa_circRNA_100709/hsa_circ_0003570,0,0.011748023
,40,circBC048201/hsa_circ_0061265,0,0.012447187,,522,hsa_circ_0002908,0,0.013044928,,306,Circ_MAN1A2,0,0.011026844,,293,circSMARCA5/hsa_circ_0001445,0,0.011264133
,502,hsa_circ_402458 ,0,0.011937835,,528,circRNA_00074,0,0.01303406,,419,hsa_circ_0024892,0,0.010708465,,151,mmu_circ_0001052/circHIPK3,0,0.010550375
,55,hsa_circ_0002113,0,0.011654189,,526,circRNA_09993,0,0.012966991,,390,hsa_circRNA_006411,0,0.010058947,,392,hsa_circ_0013958,0,0.010177216
,493,hsa_circRNA_104268/hsa_circ_0078738,0,0.011567348,,491,hsa_circRNA_105038/hsa_circ_0091894,0,0.012912308,,376,circVMA21/hsa_circ_0091702,0,0.009891597,,395,circUBAP2,0,0.010114666
,66,circMED13,0,0.011471259,,518,hsa_circ_0008797,0,0.012853614,,160,hsa_circ_0072410,0,0.009866686,,475,hsa_circ_0043278,0,0.009960126
,478,hsa_circ_0005785,0,0.010564925,,499,hsa_circ_101222/hsa_circ_0029601,0,0.01222088,,298,hsa_circ_0004383/cZNF292,0,0.009667748,,480,hsa_circ_0006913,0,0.009919812
,171,hsa_circRNA_103410,0,0.010109975,,525,circRNA_05538,0,0.011962838,,323,CircSLC8A1-1,0,0.009604142,,381,hsa_circRNA_104912/hsa_circ_0088442,0,0.009838362
,159,hsa_circ_0041796,0,0.010107669,,134,circ3204,0,0.011454633,,258,hsa_circ_0006022,0,0.009594528,,312,Circ_CEP192,0,0.009701573
,532,hsa_circ_0070963,0,0.009752732,,520,hsa_circ_0000414,0,0.010649042,,400,circUBR5/hsa_circ_0001819,0,0.009139474,,556,hsa_circ_102571/hsa_circ_0008615,0,0.009695374
,449,hsa_circRNA_100241,0,0.009687885,,142,circZNF609/hsa_circ_0000615,0,0.010563286,,222,hsa_circ_0071896,0,0.008954877,,504,hsa_circ_407176,0,0.009633105
,28,Chr9: 74522734,0,0.009678021,,274,hsa_circ_0000140/hsa_circ_002059,0,0.010421059,,157,hsa_circ_0087206,0,0.008876805,,23,hsa_circ_0005912,0,0.009594149
,554,hsa_circ_101471/hsa_circ_0034398,0,0.009439543,,20,circANRIL,0,0.010369218,,360,hsa_circ_0004018,0,0.008796165,,377,hsa_circ_0008305,0,0.009553226
,384,hsa_circ_103783,0,0.009405593,,217,circPRKCI/hsa_circ_0067934,0,0.010353666,,248,hsa_circ_0076304,0,0.008659137,,152,hsa_circ_0005015,0,0.009392494
,506,hsa_circ_0089810,0,0.009197386,,519,hsa_circ_0002362,0,0.010312734,,532,hsa_circ_0070963,0,0.008464915,,216,circRNA9777,0,0.009270296
,10,hsa_circ_0088452,0,0.008909461,,231,hsa_circ_0061276,0,0.01029971,,89,circWDR77/hsa_circ_0013509,0,0.008456724,,289,chr4:103501692-103504114,0,0.009210722
,576,hsa_circRNA_104964,0,0.008777886,,461,hsa_circ_0023115,0,0.010235974,,253,hsa_circ_0058246,0,0.008369746,,30,circRNA BCRC4/hsa_circ_001598/hsa_circ_0001577,0,0.009152046
,303,Circ_RIMS1,0,0.008727567,,315,Circ_ADCY1,0,0.010151605,,216,circRNA9777,0,0.008190518,,143,hsa_circ_0124644,0,0.008943339
,22,hsa_circ_0008732,0,0.008657984,,524,circRNA_09585,0,0.010131285,,372,hsa_circRNA_102116/hsa_circ_0003258,0,0.008005566,,124,hsa_circ_0006174,0,0.008922849
,404,hsa_circRNA_002143/hsa_circ_0001907,0,0.008622686,,392,hsa_circ_0013958,0,0.010080876,,417,hsa_circ_0001400,0,0.007870162,,217,circPRKCI/hsa_circ_0067934,0,0.008888826
,457,hsa_circRNA_104194/hsa_circ_0004712,0,0.008562894,,263,hsa_circRNA_101308,0,0.010056041,,314,Circ_SAFB2,0,0.00778065,,149,hsa_circ_103737/hsa_circ_0070934,0,0.00876631
,119,hsa_circ_0007031,0,0.008196092,,521,hsa_circ_0063179,0,0.00995485,,187,circRNA2918,0,0.007659144,,36,circTCF25/hsa_circ_0041103,0,0.008655197
,34,hsa_circ_0002024,0,0.008171674,,175,hsa_circ_0109046,0,0.009634479,,277,circRNA.33299,0,0.007548421,,525,circRNA_05538,0,0.008605738
,537,hsa_circRNA_104001,0,0.008119813,,86,circPVT1/hsa_circ_0001821,0,0.009474952,,95,hsa_circ_0091822,0,0.007243852,,353,hsa_circ_0005986,0,0.008465588
,174,circRNA-chr19,0,0.008054559,,214,circRNA9671,0,0.008923849,,406,hsa_circRNA_102802/hsa_circ_0056048,0,0.007233725,,537,hsa_circRNA_104001,0,0.008395343
,368,hsa_circ_0001189,0,0.007816377,,62,circVRK1,0,0.008848508,,478,hsa_circ_0005785,0,0.007207275,,327,hsa_circRNA_000367,0,0.00809192
,198,circRNA7535,0,0.00776711,,457,hsa_circRNA_104194/hsa_circ_0004712,0,0.008836104,,361,hsa_circ_0005075,0,0.007082322,,39,circZFR/hsa_circRNA_103809/hsa_circ_0072088,0,0.008072875
,324,circRNA_0046366,0,0.007546858,,99,hsa_circ_0002343,0,0.008653207,,96,hsa_circ_0089231,0,0.007061403,,500,hsa_circRNA_102682/circCRIM1/hsa_circ_0005442,0,0.008054411
,95,hsa_circ_0091822,0,0.007329485,,370,hsa_circRNA_100933/hsa_circ_0023984,0,0.008628156,,577,hsa_circRNA_104296,0,0.007057573,,409,hsa_circRNA_103343/hsa_circ_0002569,0,0.007963701
,92,hsa_circ_0018289,0,0.00726556,,364,hsa_circ_0058107,0,0.008586613,,245,hsa_circ_0092341,0,0.007016833,,87,circ-Foxo3/hsa_circ_0006404,0,0.00795702
,342,hsa_circ_0043534,0,0.00723626,,288,hsa_circ_0000199,0,0.008578929,,331,hsa_circRNA_014724,0,0.006982417,,479,hsa_circ_0005397,0,0.007881756
,182,circRNA_000695/hsa_circ_0001336,0,0.007171227,,533,hsa_circ_0061893,0,0.008551315,,134,circ3204,0,0.006928324,,476,hsa_circ_0078297,0,0.007741395
,526,circRNA_09993,0,0.007033029,,328,hsa_circRNA_004183,0,0.0085339,,10,hsa_circ_0088452,0,0.006870931,,477,circRNA_100782,0,0.007727849
,259,hsa_circ_0031979,0,0.00700439,,549,circRNA_103047,0,0.008414897,,582,hsa_circ_0001204 ,0,0.006791462,,73,hsa_circ_100219/hsa_circ_0004619,0,0.007723226
,135,circ6229,0,0.00679742,,500,hsa_circRNA_102682/circCRIM1/hsa_circ_0005442,0,0.00813212,,382,hsa_circ_101396,0,0.006701395,,184,circRNA_101419/hsa_circ_0032832,0,0.007695853
,168,hsa_circRNA_100750,0,0.006771421,,110,circARHGAP5,0,0.008065244,,468,hsa_circRNA_103390,0,0.006660093,,376,circVMA21/hsa_circ_0091702,0,0.007634711
,514,hsa_circRNA_102032,0,0.006765016,,305,Circ_CORO1C,0,0.007893683,,209,circRNA904,0,0.006630695,,96,hsa_circ_0089231,0,0.007608887
,340,hsa_circ_0078710,0,0.00673619,,18,CDR1as/ciRS-7/hsa_circ_0001946,0,0.007824843,,165,hsa_circ_0068489,0,0.00651535,,380,hsa_circRNA_100855/hsa_circ_0023028,0,0.007432286
,134,circ3204,0,0.00662238,,173,Titin circRNAs/cTtns/RBM20-dependent TTN circRNAs,0,0.0076605,,421,IQCK/hsa_circ_0038374,0,0.006412216,,394,circRNA_102231,0,0.007300139
,560,hsa_circRNA_003251,0,0.006542166,,369,circular RNA100783/hsa_circ_0008887,0,0.007613943,,7,hsa_circ_0009128,0,0.006405742,,495,hsa_circRNA_001379/hsa_circ_0000516,0,0.007079885
,9,hsa_circ_0078768,0,0.006515642,,379,hsa_circ_0021001,0,0.007426323,,319,Circ_R3HDM1,0,0.006373211,,345,hsa_circ_0066077,0,0.006977596
,193,circRNA378,0,0.006444184,,38,circTRIM24/hsa_circ_0082582,0,0.007282261,,494,hsa_circRNA_103307/hsa_circ_0064557,0,0.006242537,,167,hsa_circRNA_ 404457,0,0.006950897
,402,circSP100/hsa_circ_0003922,0,0.006355205,,252,hsa_circ_0006633,0,0.00726569,,411,hsa_circRNA_101720/hsa_circ_0002078,0,0.006128421,,555,hsa_circ_104807/hsa_circ_0001866,0,0.006869104
,494,hsa_circRNA_103307/hsa_circ_0064557,0,0.006323808,,106,hsa_circ_0001649,0,0.007213521,,116,hsa_circ_000984/hsa_circ_0001724,0,0.00607098,,494,hsa_circRNA_103307/hsa_circ_0064557,0,0.006830341
,279,circRNA.37134,0,0.006269114,,340,hsa_circ_0078710,0,0.007152615,,111,circRTN4,0,0.006058435,,258,hsa_circ_0006022,0,0.006819883
,236,hsa_circ_0000745,0,0.006102648,,343,hsa_circ_0023110,0,0.006979632,,362,hsa_circ_0005870,0,0.006019159,,92,hsa_circ_0018289,0,0.006709777
,117,circRNA0003906,0,0.006073926,,439,hsa_circRNA_101975,0,0.00697301,,92,hsa_circ_0018289,0,0.005951036,,490,hsa_circRNA_103454/hsa_circ_0067103,0,0.00667466
,131,hsa_circ_0000677/hsa_circ_001569/circABCC,0,0.006072848,,330,hsa_circRNA_004121,0,0.006765383,,246,hsa_circ_0001561,0,0.005921417,,202,circRNA7674,0,0.006353176
,274,hsa_circ_0000140/hsa_circ_002059,0,0.006020613,,165,hsa_circ_0068489,0,0.00672783,,343,hsa_circ_0023110,0,0.005816768,,82,hsa_circ_0001283,0,0.00622399
,4,circRNA_0086376/hsa_circ_0086376,0,0.005973923,,360,hsa_circ_0004018,0,0.006549195,,580,hsa_circ_0001417,0,0.005800734,,215,circRNA9771,0,0.005964022
,349,circC3P1,0,0.005946812,,45,circRNA-000911,0,0.006470718,,113,circSMARC1A,0,0.005759631,,337,hsa_circ_0017515,0,0.005951689
,377,hsa_circ_0008305,0,0.00592524,,529,hsa_circ_0071410,0,0.006432363,,202,circRNA7674,0,0.005730615,,170,hsa_ circRNA_104387,0,0.005922449
,429,hsa_circ_0014130,0,0.005902129,,133,circ-KLDHC10/hsa_circ_0082333,0,0.006328251,,477,circRNA_100782,0,0.005714662,,136,circ7374,0,0.005906036
,16,circRNA_102913/hsa_circ_0058058,0,0.005887465,,246,hsa_circ_0001561,0,0.006325049,,148,hsa_circ_103736/hsa_circ_0070933,0,0.00569206,,396,hsa_circ_0000064,0,0.00581541
,333,hsa_circ_0040081,0,0.005870798,,282,hsa_circ_0005603,0,0.006300845,,174,circRNA-chr19,0,0.005629608,,342,hsa_circ_0043534,0,0.005745124
,181,circRNA_101877/hsa_circ_0004519,0,0.005768974,,215,circRNA9771,0,0.006266539,,289,chr4:103501692-103504114,0,0.005622571,,56,hsa_circ_0002874,0,0.005737024
,524,circRNA_09585,0,0.005651809,,495,hsa_circRNA_001379/hsa_circ_0000516,0,0.00624711,,105,hsa_circ_0007928,0,0.005588508,,329,hsa_circRNA_007850,0,0.005551211
,370,hsa_circRNA_100933/hsa_circ_0023984,0,0.00559377,,105,hsa_circ_0007928,0,0.006233703,,363,hsa_circ_0058106,0,0.005574957,,254,hsa_circ_0091742,0,0.005424767
,113,circSMARC1A,0,0.00556123,,568,hsa_circRNA_104349/hsa_circ_0079929,0,0.006123584,,410,hsa_circRNA_050898/hsa_circ_0050898,0,0.005571809,,481,hsa_circ_0000257,0,0.00536871
,549,circRNA_103047,0,0.005552687,,272,hsa_circRNA_400066,0,0.00608157,,571,circGFRA1/hsa_circ_005239,0,0.005534037,,491,hsa_circRNA_105038/hsa_circ_0091894,0,0.005349981
,382,hsa_circ_101396,0,0.005549319,,48,circRNA-100438,0,0.006051996,,342,hsa_circ_0043534,0,0.00550219,,13,hsa_circ_0004277,0,0.005230667
,294,circ-SHKBP1,0,0.005423705,,512,hsa_circRNA_100571,0,0.006030154,,238,hsa_circ_0006127,0,0.005467474,,41,circPTK2/hsa_circ_0005273,0,0.00513703
,172,hsa_circRNA_ 100192,0,0.005422628,,357,circRNA_000839,0,0.005975528,,141,hsa-circRNA6510-1,0,0.005459373,,1,circRNA_0084927/hsa_circ_0084927,0,0.005122025
,36,circTCF25/hsa_circ_0041103,0,0.005422191,,404,hsa_circRNA_002143/hsa_circ_0001907,0,0.00591707,,535,hsa_circRNA_070616/hsa_circ_0070616,0,0.005218475,,195,circRNA5669,0,0.005093493
,248,hsa_circ_0076304,0,0.005375714,,35,circMylk/circRNA-MYLK/hsa_circ_0002768,0,0.005903214,,422,MAP4K3/hsa_circ_0054211,0,0.005213505,,496,hsa_circRNA_101356/hsa_circ_0004846,0,0.005030163
,53,circAmotl1/hsa_circ_0004214,0,0.005164865,,127,circ-BANP,0,0.005858238,,560,hsa_circRNA_003251,0,0.005206343,,482,hsa_circ_0041150,0,0.005029594
,264,hsa_circRNA_104423,0,0.005128888,,206,circRNA8505,0,0.005831712,,48,circRNA-100438,0,0.005194633,,433,CircDOCK1/hsa_circ_100721,0,0.005028611
,570,hsa_circRNA_103458/hsa_circ_0067175,0,0.005124768,,216,circRNA9777,0,0.005825499,,254,hsa_circ_0091742,0,0.005176656,,564,hsa_circRNA_101238/hsa_circ_0004372,0,0.004972243
,467,hsa_circRNA_103076,0,0.005108679,,224,hsa_circ_0053743,0,0.005802199,,40,circBC048201/hsa_circ_0061265,0,0.005124858,,34,hsa_circ_0002024,0,0.004968677
,87,circ-Foxo3/hsa_circ_0006404,0,0.005044108,,454,hsa_circRNA_100258,0,0.005780188,,121,hsa_circ_0007006,0,0.004913556,,565,hsa_circRNA_104634/hsa_circ_0084615,0,0.004936703
,323,CircSLC8A1-1,0,0.00502676,,257,hsa_circ_0085553,0,0.005740495,,69,hsa_circRNA_103110/hsa_circ_103110/hsa_circ_0004771,0,0.004874935,,221,hsa_circ_0072668,0,0.004899996
,548,circRNA_101873,0,0.004977452,,2,circRNA_0001073/hsa_circ_0001073,0,0.005721863,,492,hsa_circRNA_400064/hsa_circ_0092315,0,0.004862393,,488,hsa_circRNA_100777/hsa_circ_0021553,0,0.004857065
,127,circ-BANP,0,0.00495513,,137,circ7780,0,0.005692945,,136,circ7374,0,0.004830951,,305,Circ_CORO1C,0,0.004821228
,559,hsa_circ_101889/hsa_circ_0040705,0,0.004953129,,258,hsa_circ_0006022,0,0.005649688,,197,circRNA7534,0,0.004794062,,492,hsa_circRNA_400064/hsa_circ_0092315,0,0.004787444
,391,hsa_circRNA_401977,0,0.004950348,,287,hsa_circ_0002968,0,0.005593057,,552,hsa_circ_400011/hsa_circ_0092374,0,0.004787554,,483,hsa_circ_0008719,0,0.004765001
,82,hsa_circ_0001283,0,0.004941121,,415,hsa_circ_0000517,0,0.005592765,,378,hsa_circ_0041946,0,0.004746079,,147,hsa-circRNA5974-1,0,0.004735079
,67,circBCL11B,0,0.004925935,,554,hsa_circ_101471/hsa_circ_0034398,0,0.005588877,,315,Circ_ADCY1,0,0.004710037,,163,hsa_circ_0030055,0,0.004719457
,60,hsa_circ_0092276,0,0.004924629,,474,hsa_circ_0001666,0,0.005588867,,507,hsa_circ_0000378,0,0.004641794,,116,hsa_circ_000984/hsa_circ_0001724,0,0.004706768
,237,hsa_circ_0085616,0,0.004889491,,385,hsa_circ_102470,0,0.005587117,,59,hsa_circ_0086241,0,0.004579773,,157,hsa_circ_0087206,0,0.004685225
,379,hsa_circ_0021001,0,0.004845123,,203,circRNA7675,0,0.005536698,,487,hsa_circRNA_104595/hsa_circ_0008016,0,0.004559016,,527,circRNA_13478,0,0.00464541
,383,hsa_circ_102533,0,0.004820179,,336,hsa_circ_0079549,0,0.005512373,,292,chr19:5761476-5761630,0,0.004536674,,189,circRNA3594,0,0.004627253
,307,Circ_SLC8A1,0,0.004813314,,480,hsa_circ_0006913,0,0.005458153,,503,hsa_circ_406329,0,0.004533331,,218,hsa_circ_0037911,0,0.004590818
,50,hsa_circ_0001785,0,0.004798989,,472,hsa_circ_0000977,0,0.005393793,,332,hsa_circ_0015756,0,0.004533187,,51,hsa_circ_0108942,0,0.004543656
,115,hsa_circ_0000567,0,0.004726327,,530,hsa_circ_0054345,0,0.005370622,,489,hsa_circRNA_104348/hsa_circ_0079891,0,0.00452711,,550,circRNA_092516,0,0.004432676
,225,hsa_circ_0029067,0,0.004714336,,309,Circ_ZNF148,0,0.005348178,,339,hsa_circ_0005931,0,0.004503921,,262,hsa_circ_0001895/circPRRC2B/hsa_circ_000760,0,0.004427896
,522,hsa_circ_0002908,0,0.004615011,,419,hsa_circ_0024892,0,0.005338991,,445,hsa_circRNA_102049,0,0.004442196,,284,hsa_circ_0004872,0,0.004413778
,577,hsa_circRNA_104296,0,0.004603201,,292,chr19:5761476-5761630,0,0.005285989,,366,hsa_circ_0036722,0,0.004408579,,70,hsa_circ_104689/hsa_circ_0001824,0,0.004372496
,190,circRNA3703,0,0.004525874,,310,Circ_UNC79,0,0.0052475,,173,Titin circRNAs/cTtns/RBM20-dependent TTN circRNAs,0,0.004392148,,100,hsa_circ_0069399,0,0.004369058
,179,circRNA_100984/hsa_circ_0002019,0,0.004460022,,270,hsa_circRNA_000543,0,0.00522821,,73,hsa_circ_100219/hsa_circ_0004619,0,0.004353023,,93,hsa_circ_0011021,0,0.004359244
,139,hsa-circRNA11783-2,0,0.004442613,,42,hsa_circ_0011946,0,0.005131247,,129,hsa_circRNA_104700,0,0.004352294,,255,hsa_circ_0089548,0,0.004352613
,44,hsa_circ_0093859,0,0.004440534,,443,circ-NT5C2/hsa_circ_0092509,0,0.005106569,,67,circBCL11B,0,0.004340841,,437,hsa_circRNA_000598,0,0.004327218
,149,hsa_circ_103737/hsa_circ_0070934,0,0.004419426,,87,circ-Foxo3/hsa_circ_0006404,0,0.005106131,,53,circAmotl1/hsa_circ_0004214,0,0.004326817,,158,hsa_circ_0087215,0,0.004261842
,430,hsa_circ_0016760,0,0.004405138,,94,hsa_circ_0034912,0,0.005100723,,230,hsa_circ_0001017,0,0.00432398,,233,circRNA0047905/hsa_circ_0047905,0,0.00426137
,531,hsa_circ_0072765,0,0.004391532,,492,hsa_circRNA_400064/hsa_circ_0092315,0,0.005083653,,194,circRNA4628,0,0.004303372,,571,circGFRA1/hsa_circ_005239,0,0.004240433
,325,has-circRNA_0046367,0,0.004353078,,317,Circ_MED12L,0,0.005005134,,336,hsa_circ_0079549,0,0.004260761,,172,hsa_circRNA_ 100192,0,0.004179408
,169,hsa_circRNA_406918,0,0.004338882,,235,hsa_circ_0000181,0,0.005002217,,467,hsa_circRNA_103076,0,0.004259671,,199,circRNA7536,0,0.00417527
,202,circRNA7674,0,0.004297605,,347,hsa_circ_0057336,0,0.004908844,,553,hsa_circ_102584/hsa_circ_0003146,0,0.004150827,,535,hsa_circRNA_070616/hsa_circ_0070616,0,0.004159304
,163,hsa_circ_0030055,0,0.004272096,,44,hsa_circ_0093859,0,0.004865125,,356,hsa_circRNA 102049,0,0.004124264,,191,circRNA3706,0,0.004095785
,178,circRNA_001059/hsa_circ_0000554,0,0.004257646,,26,Chr22: 28943661,0,0.00472479,,76,hsa_circ_0008945,0,0.0040705,,192,circRNA3707,0,0.004055032
,463,hsa_circRNA_100433,0,0.004186528,,395,circUBAP2,0,0.004695598,,27,Chr5: 158368701,0,0.004003605,,71,hsa_circ_104821/hsa_circ_0001875,0,0.00402873
,547,circRNA_003524,0,0.004134471,,14,hsa_circ_0035381,0,0.004677401,,559,hsa_circ_101889/hsa_circ_0040705,0,0.003997456,,264,hsa_circRNA_104423,0,0.004024674
,51,hsa_circ_0108942,0,0.00411447,,153,hsa_circ_0019069,0,0.004605328,,565,hsa_circRNA_104634/hsa_circ_0084615,0,0.003994045,,242,hsa_circ_0005529,0,0.003988151
,561,hsa_circRNA_015115,0,0.004013213,,121,hsa_circ_0007006,0,0.004559503,,335,hsa_circ_0062163,0,0.003969562,,580,hsa_circ_0001417,0,0.003956641
,371,hsa_circRNA_104310/hsa_circ_0079385,0,0.003990267,,422,MAP4K3/hsa_circ_0054211,0,0.004494264,,151,mmu_circ_0001052/circHIPK3,0,0.003938429,,175,hsa_circ_0109046,0,0.003955748
,100,hsa_circ_0069399,0,0.003972074,,423,EFCAB11/hsa_circ_0032891,0,0.00442868,,13,hsa_circ_0004277,0,0.003919752,,366,hsa_circ_0036722,0,0.003951067
,1,circRNA_0084927/hsa_circ_0084927,0,0.003939987,,176,hsa_circ_0002577,0,0.004390915,,217,circPRKCI/hsa_circ_0067934,0,0.003914585,,14,hsa_circ_0035381,0,0.003910153
,77,hsa_circ_0000732,0,0.003927693,,471,circ-LDLRAD3/hsa_circ_0006988,0,0.00434337,,498,hsa_circRNA_104433/hsa_circ_0081342,0,0.003855001,,364,hsa_circ_0058107,0,0.003887279
,133,circ-KLDHC10/hsa_circ_0082333,0,0.003850952,,377,hsa_circ_0008305,0,0.004321269,,193,circRNA378,0,0.003827783,,211,circRNA9652,0,0.003862767
,367,hsa_circ_0002260,0,0.003760287,,9,hsa_circ_0078768,0,0.004313686,,143,hsa_circ_0124644,0,0.003818387,,129,hsa_circRNA_104700,0,0.00385175
,166,hsa_circRNA_063981,0,0.003744509,,185,circRNA120,0,0.004289334,,324,circRNA_0046366,0,0.003781988,,354,hsa_circRNA_100338/circSNX27,0,0.003837452
,162,hsa_circ_0057093,0,0.003659401,,51,hsa_circ_0108942,0,0.004241191,,523,circRNA_14623,0,0.003759262,,501,hsa_circRNA_104820/circFAM120A/hsa_circ_0005218,0,0.003717729
,65,circETFA,0,0.003658243,,339,hsa_circ_0005931,0,0.00420931,,514,hsa_circRNA_102032,0,0.003678191,,66,circMED13,0,0.00370828
,141,hsa-circRNA6510-1,0,0.003642191,,363,hsa_circ_0058106,0,0.004186363,,574,hsa_ circRNA_005086,0,0.00366118,,209,circRNA904,0,0.003688205
,375,hsa_circ_0080210/circ-GRB10,0,0.003625163,,66,circMED13,0,0.004136699,,26,Chr22: 28943661,0,0.00362406,,223,hsa_circ_0063781,0,0.003678105
,322,Circ_ERC1,0,0.00362318,,277,circRNA.33299,0,0.004077465,,287,hsa_circ_0002968,0,0.003615437,,80,hsa_circ_0000911,0,0.003672288
,157,hsa_circ_0087206,0,0.00357654,,465,hsa_circRNA_102051,0,0.004070346,,403,hsa_circRNA_103636/hsa_circ_0001410,0,0.003518246,,109,circFAT1,0,0.003646535
,338,hsa_circ_0045510,0,0.003574955,,374,hsa_circRNA_102039/hsa_circ_0043138,0,0.004060087,,72,hsa_circ_006054/hsa_circ_0006054,0,0.003516058,,246,hsa_circ_0001561,0,0.00362197
,292,chr19:5761476-5761630,0,0.003507021,,298,hsa_circ_0004383/cZNF292,0,0.00403904,,107,circATP2B1/hsa_circ_000826/hsa_circ_0000426,0,0.003455504,,296,hsa_circ_0046701,0,0.003598617
,505,hsa_circ_082319,0,0.003482,,262,hsa_circ_0001895/circPRRC2B/hsa_circ_000760,0,0.003999023,,564,hsa_circRNA_101238/hsa_circ_0004372,0,0.003445977,,399,circFAM188A/hsa_circ_0000219,0,0.003597351
,530,hsa_circ_0054345,0,0.003448168,,136,circ7374,0,0.00380395,,199,circRNA7536,0,0.003438936,,356,hsa_circRNA 102049,0,0.003568573
,299,Circ_SMARCA5,0,0.003418292,,486,hsa_circRNA_100395/hsa_circ_0015278,0,0.00373334,,377,hsa_circ_0008305,0,0.003432616,,196,circRNA666,0,0.003556772
,509,hsa_circ_0003171,0,0.003417314,,273,hsa_circRNA_001066,0,0.003639429,,108,hsa_circ_0000096/circHIAT1/hsa_circ_001013,0,0.003428298,,436,hsa_circ_0045714,0,0.003556216
,120,hsa_circ_0000504,0,0.003377962,,306,Circ_MAN1A2,0,0.003619392,,469,hsa_circRNA_104084,0,0.003411512,,462,hsa_circ_0000673,0,0.003541361
,550,circRNA_092516,0,0.003363636,,19,hsa_circ_0003575,0,0.003600083,,386,circFUT8/hsa_circRNA_101368/hsa_circ_0003028,0,0.003349574,,393,circMAN2B2/hsa_circRNA_103595,0,0.003500547
,180,circRNA_100367/hsa_circ_0014879,0,0.003354218,,181,circRNA_101877/hsa_circ_0004519,0,0.003598697,,471,circ-LDLRAD3/hsa_circ_0006988,0,0.003309655,,542,hsa_circRNA_104593/hsa_circ_0083964,0,0.003497384
,335,hsa_circ_0062163,0,0.003322141,,223,hsa_circ_0063781,0,0.003584971,,12,hsa_circ_0075001/circNPM1,0,0.003293652,,419,hsa_circ_0024892,0,0.003455173
,331,hsa_circRNA_014724,0,0.003299168,,280,circRNA.22054,0,0.003558222,,260,hsa_circ_0069131,0,0.003286541,,108,hsa_circ_0000096/circHIAT1/hsa_circ_001013,0,0.003449921
,462,hsa_circ_0000673,0,0.003265731,,139,hsa-circRNA11783-2,0,0.00355669,,65,circETFA,0,0.003269312,,212,circRNA9656,0,0.003443353
,444,hsa_circRNA_103801,0,0.003243293,,91,circRNA-000284,0,0.003546542,,293,circSMARCA5/hsa_circ_0001445,0,0.003266565,,472,hsa_circ_0000977,0,0.003431223
,503,hsa_circ_406329,0,0.003209088,,356,hsa_circRNA 102049,0,0.003517945,,2,circRNA_0001073/hsa_circ_0001073,0,0.003210227,,174,circRNA-chr19,0,0.003323168
,542,hsa_circRNA_104593/hsa_circ_0083964,0,0.003172075,,505,hsa_circ_082319,0,0.003508698,,227,hsa_circ_0003159,0,0.003208755,,286,hsa_circ_0003586,0,0.003229771
,400,circUBR5/hsa_circ_0001819,0,0.003129809,,259,hsa_circ_0031979,0,0.00349198,,520,hsa_circ_0000414,0,0.00317107,,50,hsa_circ_0001785,0,0.003205032
,337,hsa_circ_0017515,0,0.003101954,,178,circRNA_001059/hsa_circ_0000554,0,0.003490211,,18,CDR1as/ciRS-7/hsa_circ_0001946,0,0.0031615,,171,hsa_circRNA_103410,0,0.00318201
,26,Chr22: 28943661,0,0.003019931,,150,hsa_circ_101555/hsa_circ_0001955,0,0.00346773,,442,hsa_circ_0001564,0,0.003130857,,270,hsa_circRNA_000543,0,0.003134728
,440,circRNA-MSR/hsa_circ_0005567,0,0.002952591,,126,hsa_circ_0084021,0,0.003449556,,233,circRNA0047905/hsa_circ_0047905,0,0.00310609,,328,hsa_circRNA_004183,0,0.0031218
,266,hsa_circRNA_104916,0,0.002906369,,128,hsa_circRNA_103809,0,0.003449131,,31,hsa_circ_0003221/circPTK2,0,0.003104386,,260,hsa_circ_0069131,0,0.003046297
,441,hsa_circ_0009910,0,0.002878343,,166,hsa_circRNA_063981,0,0.003380056,,249,hsa_circ_0035431,0,0.003098031,,6,hsa_circ_0005836,0,0.003012447
,143,hsa_circ_0124644,0,0.002859361,,455,cir-GLI2/hsa_circ_0056288,0,0.00335483,,340,hsa_circ_0078710,0,0.003041798,,573,hsa_circRNA_009024,0,0.002998147
,473,hsa_circ_0006220,0,0.002857032,,229,hsa_circ_0074362,0,0.003273037,,46,circRNA-001283,0,0.003004366,,402,circSP100/hsa_circ_0003922,0,0.002961445
,512,hsa_circRNA_100571,0,0.002798471,,536,hsa_circRNA_103716/hsa_circ_0006935,0,0.003270122,,300,Circ_KCNN2,0,0.003000073,,524,circRNA_09585,0,0.002945154
,347,hsa_circ_0057336,0,0.002794217,,550,circRNA_092516,0,0.003264911,,191,circRNA3706,0,0.002986892,,303,Circ_RIMS1,0,0.002927641
,270,hsa_circRNA_000543,0,0.002751632,,266,hsa_circRNA_104916,0,0.003234503,,529,hsa_circ_0071410,0,0.002977111,,384,hsa_circ_103783,0,0.002921476
,223,hsa_circ_0063781,0,0.002751527,,101,hsa_circRNA_102683/hsa_circ_0007386,0,0.003227576,,554,hsa_circ_101471/hsa_circ_0034398,0,0.002965694,,561,hsa_circRNA_015115,0,0.002920699
,484,hsa_circRNA_104565/hsa_circ_0002111,0,0.002679351,,482,hsa_circ_0041150,0,0.003206069,,49,hsa_circ_0001982,0,0.002931757,,12,hsa_circ_0075001/circNPM1,0,0.002892275
,455,cir-GLI2/hsa_circ_0056288,0,0.002666889,,407,hsa_circRNA_104953/hsa_circ_0089310,0,0.003187402,,283,hsa_circ_0008345,0,0.00291027,,478,hsa_circ_0005785,0,0.002876857
,215,circRNA9771,0,0.002660075,,553,hsa_circ_102584/hsa_circ_0003146,0,0.003170528,,235,hsa_circ_0000181,0,0.002908277,,17,hsa_circ_0017446,0,0.002859068
,59,hsa_circ_0086241,0,0.002635543,,24,hsa_circ_0000172,0,0.003146173,,418,hsa_circ_0056731,0,0.002848959,,142,circZNF609/hsa_circ_0000615,0,0.002843427
,189,circRNA3594,0,0.002622573,,248,hsa_circ_0076304,0,0.003128425,,268,hsa_circRNA_400071,0,0.002844807,,298,hsa_circ_0004383/cZNF292,0,0.002809603
,291,chr18:107887-108499,0,0.002611075,,157,hsa_circ_0087206,0,0.003102821,,479,hsa_circ_0005397,0,0.002838862,,5,circRNA_0018168/hsa_circ_0018168,0,0.002794668
,355,hsa_circRNA_104075,0,0.002605714,,563,hsa_circRNA_005019 ,0,0.003045115,,4,circRNA_0086376/hsa_circ_0086376,0,0.002833476,,278,circRNA.20159,0,0.002629857
,446,hsa_circRNA_103309,0,0.002580643,,77,hsa_circ_0000732,0,0.003031462,,583,hsa_circ_0054633,0,0.002828777,,322,Circ_ERC1,0,0.002596013
,98,hsa circ 0031288/circPABPN1,0,0.00256861,,70,hsa_circ_104689/hsa_circ_0001824,0,0.003017667,,405,hsa_circRNA_100679/hsa_circ_0005620,0,0.002818065,,78,hsa_circ_0000098,0,0.002582489
,428,hsa_circ_0007385,0,0.002549404,,388,hsa_circ_0012673,0,0.002996493,,103,hsa_circ_0001212,0,0.002804621,,370,hsa_circRNA_100933/hsa_circ_0023984,0,0.002554681
,345,hsa_circ_0066077,0,0.002544959,,507,hsa_circ_0000378,0,0.002990194,,70,hsa_circ_104689/hsa_circ_0001824,0,0.002801893,,9,hsa_circ_0078768,0,0.002540054
,192,circRNA3707,0,0.002497459,,485,hsa_circRNA_104566/hsa_circ_0004458,0,0.00298435,,556,hsa_circ_102571/hsa_circ_0008615,0,0.002801776,,510,circ_SDHA,0,0.002521965
,213,circRNA9658,0,0.002481555,,365,hsa_circ_0024108,0,0.002931341,,215,circRNA9771,0,0.002794698,,128,hsa_circRNA_103809,0,0.002479952
,12,hsa_circ_0075001/circNPM1,0,0.00247513,,452,hsa_circRNA_104892,0,0.002910776,,78,hsa_circ_0000098,0,0.002782375,,372,hsa_circRNA_102116/hsa_circ_0003258,0,0.002444228
,17,hsa_circ_0017446,0,0.002369989,,4,circRNA_0086376/hsa_circ_0086376,0,0.002856303,,566,hsa_circRNA_002271/hsa_circ_0002271,0,0.002768976,,244,hsa_circ_0005927,0,0.002402471
,515,hsa_circRNA_103096,0,0.002312837,,413,hsa_circ_0035560,0,0.002810082,,259,hsa_circ_0031979,0,0.002740585,,582,hsa_circ_0001204 ,0,0.002392807
,461,hsa_circ_0023115,0,0.002305482,,281,circBRAF/hsa_circ_0006460,0,0.00279552,,567,hsa_circRNA_102771/hsa_circ_0055377,0,0.002675201,,139,hsa-circRNA11783-2,0,0.002352312
,316,Circ_ETFA,0,0.002254456,,318,Circ_CRKL,0,0.002772608,,516,hsa_circRNA_102347,0,0.002670458,,405,hsa_circRNA_100679/hsa_circ_0005620,0,0.002338027
,343,hsa_circ_0023110,0,0.002234029,,303,Circ_RIMS1,0,0.002696528,,284,hsa_circ_0004872,0,0.002666127,,335,hsa_circ_0062163,0,0.002330324
,71,hsa_circ_104821/hsa_circ_0001875,0,0.002224192,,464,hsa_circRNA_101717,0,0.00266542,,484,hsa_circRNA_104565/hsa_circ_0002111,0,0.00265711,,567,hsa_circRNA_102771/hsa_circ_0055377,0,0.002285314
,49,hsa_circ_0001982,0,0.002206889,,400,circUBR5/hsa_circ_0001819,0,0.0026435,,15,hsa_circ_0004136,0,0.002635784,,520,hsa_circ_0000414,0,0.002255539
,476,hsa_circ_0078297,0,0.002167508,,539,hsa_circRNA_044353,0,0.002594875,,212,circRNA9656,0,0.002631931,,398,circEKL4/hsa_circ_0000175,0,0.002234203
,283,hsa_circ_0008345,0,0.002141668,,312,Circ_CEP192,0,0.002572002,,476,hsa_circ_0078297,0,0.002605605,,530,hsa_circ_0054345,0,0.002216717
,210,circRNA9227,0,0.002092238,,342,hsa_circ_0043534,0,0.002509117,,167,hsa_circRNA_ 404457,0,0.002605113,,234,circRNA0138960/hsa_circ_0138960,0,0.002188007
,582,hsa_circ_0001204 ,0,0.002066574,,169,hsa_circRNA_406918,0,0.002506013,,301,Circ_HIPK3,0,0.002563484,,349,circC3P1,0,0.002156826
,329,hsa_circRNA_007850,0,0.002026477,,90,circR-284,0,0.002500735,,101,hsa_circRNA_102683/hsa_circ_0007386,0,0.002525025,,294,circ-SHKBP1,0,0.002154385
,536,hsa_circRNA_103716/hsa_circ_0006935,0,0.002006384,,445,hsa_circRNA_102049,0,0.002471739,,205,circRNA7679,0,0.002504494,,250,hsa_circ_0076305,0,0.002120584
,21,hsa_circ_0075829,0,0.001989509,,546,circRNA_104871,0,0.002448071,,320,Circ_MCTP1/hsa_circ_0005540,0,0.002446387,,55,hsa_circ_0002113,0,0.002111213
,84,hsa_circ_0000981,0,0.001970125,,222,hsa_circ_0071896,0,0.002443452,,433,CircDOCK1/hsa_circ_100721,0,0.00243264,,54,hsa_circ_0006528,0,0.002077481
,241,hsa_circ_0032821,0,0.001947271,,544,hsa_circRNA_101407/hsa_circ_0032683,0,0.002441287,,250,hsa_circ_0076305,0,0.002375758,,118,hsa_circ_0020397,0,0.002072141
,564,hsa_circRNA_101238/hsa_circ_0004372,0,0.001931034,,501,hsa_circRNA_104820/circFAM120A/hsa_circ_0005218,0,0.002440792,,312,Circ_CEP192,0,0.002361433,,562,hsa_circRNA_100918,0,0.002052442
,393,circMAN2B2/hsa_circRNA_103595,0,0.001919972,,511,hsa_circ_0005267,0,0.002419846,,56,hsa_circ_0002874,0,0.002358586,,578,hsa_circ_0043497,0,0.002035733
,111,circRTN4,0,0.001891407,,67,circBCL11B,0,0.002383723,,62,circVRK1,0,0.002343639,,164,hsa_circ_0026372,0,0.002017088
,545,hsa_circRNA_102594/hsa_circ_0052012,0,0.001890384,,509,hsa_circ_0003171,0,0.002359071,,139,hsa-circRNA11783-2,0,0.002331866,,498,hsa_circRNA_104433/hsa_circ_0081342,0,0.002000168
,302,Circ_FKBP8,0,0.001850856,,425,circZNF609/hsa_circ_0000615/MICRA,0,0.002353575,,64,circOLA,0,0.002331307,,42,hsa_circ_0011946,0,0.001989114
,196,circRNA666,0,0.00182909,,483,hsa_circ_0008719,0,0.002328677,,125,hsa_circ_0008509,0,0.002295882,,543,hsa_circRNA_103334/hsa_circ_0064996,0,0.001978206
,252,hsa_circ_0006633,0,0.001828268,,376,circVMA21/hsa_circ_0091702,0,0.00227724,,575,hsa_circRNA_102101,0,0.002293551,,198,circRNA7535,0,0.001969513
,74,hsa_circ_406697,0,0.001769426,,82,hsa_circ_0001283,0,0.002190356,,443,circ-NT5C2/hsa_circ_0092509,0,0.002289057,,558,hsa_circ_100775/hsa_circ_0021549,0,0.001910516
,378,hsa_circ_0041946,0,0.001724561,,332,hsa_circ_0015756,0,0.002158371,,538,hsa_circRNA_104854,0,0.002288387,,319,Circ_R3HDM1,0,0.001882993
,103,hsa_circ_0001212,0,0.001718519,,583,hsa_circ_0054633,0,0.002094093,,83,hsa_circ_0000893,0,0.002285897,,240,hsa_circ_0000144,0,0.001879678
,341,hsa_circ_0041731,0,0.001704934,,104,hsa_circ_0001187,0,0.002091065,,427,hsa-circRNA 2149,0,0.002239385,,98,hsa circ 0031288/circPABPN1,0,0.001862776
,319,Circ_R3HDM1,0,0.00166709,,189,circRNA3594,0,0.002038384,,456,hsa_circ_0016347,0,0.002231099,,156,hsa_circ_0081162,0,0.001860618
,79,hsa_circ_0001721,0,0.001666009,,355,hsa_circRNA_104075,0,0.002032915,,128,hsa_circRNA_103809,0,0.002224715,,297,circTTBK2/hsa_circ_0000594,0,0.001816721
,35,circMylk/circRNA-MYLK/hsa_circ_0002768,0,0.001658344,,410,hsa_circRNA_050898/hsa_circ_0050898,0,0.002025331,,428,hsa_circ_0007385,0,0.002214851,,261,circRNA_100269,0,0.001802192
,483,hsa_circ_0008719,0,0.001628128,,191,circRNA3706,0,0.00202355,,584,hsa_circ_0018508,0,0.002206613,,302,Circ_FKBP8,0,0.001789421
,361,hsa_circ_0005075,0,0.001581446,,43,hsa_circ_0007534,0,0.002018726,,515,hsa_circRNA_103096,0,0.002182278,,313,Circ_RNF10,0,0.001782545
,432,hsa_circ_0023404/circRNA_100876/circ-CER,0,0.001516124,,52,hsa_circ_0068033,0,0.001956439,,533,hsa_circ_0061893,0,0.002166723,,290,hsa_circ_0001566,0,0.001747447
,352,circMTO1/hsa_circRNA_0007874/hsa_circRNA_104135,0,0.001468091,,308,Circ_STXBP5L,0,0.001873295,,28,Chr9: 74522734,0,0.002165606,,515,hsa_circRNA_103096,0,0.001747086
,401,circPDE4B/hsa_circ_0008433,0,0.001456129,,451,hsa_circRNA_104692,0,0.001844412,,42,hsa_circ_0011946,0,0.002164649,,413,hsa_circ_0035560,0,0.001724903
,211,circRNA9652,0,0.001453679,,100,hsa_circ_0069399,0,0.001824859,,147,hsa-circRNA5974-1,0,0.002149097,,150,hsa_circ_101555/hsa_circ_0001955,0,0.001719422
,201,circRNA7673,0,0.001427711,,532,hsa_circ_0070963,0,0.001808161,,448,hsa_circRNA_102485,0,0.002142319,,461,hsa_circ_0023115,0,0.001692108
,147,hsa-circRNA5974-1,0,0.001424033,,103,hsa_circ_0001212,0,0.001796876,,524,circRNA_09585,0,0.00211389,,420,GSDMB ecircRNA/hsa_circ_0106803,0,0.001596699
,356,hsa_circRNA 102049,0,0.001411261,,236,hsa_circ_0000745,0,0.001778264,,528,circRNA_00074,0,0.002017117,,332,hsa_circ_0015756,0,0.001557562
,3,circRNA_0005941/hsa_circ_0005941,0,0.001405303,,202,circRNA7674,0,0.00177122,,172,hsa_circRNA_ 100192,0,0.001957807,,107,circATP2B1/hsa_circ_000826/hsa_circ_0000426,0,0.001504057
,206,circRNA8505,0,0.001402319,,213,circRNA9658,0,0.001771013,,474,hsa_circ_0001666,0,0.001872094,,194,circRNA4628,0,0.001487839
,431,hsa_circ_0043256,0,0.001365915,,271,hsa_circRNA_001959,0,0.001729462,,241,hsa_circ_0032821,0,0.00186486,,434,circRNA_100290/hsa_circ_0013339/hsa_circ_100290,0,0.001480301
,191,circRNA3706,0,0.001311329,,564,hsa_circRNA_101238/hsa_circ_0004372,0,0.00169717,,349,circC3P1,0,0.001851957,,374,hsa_circRNA_102039/hsa_circ_0043138,0,0.001436091
,452,hsa_circRNA_104892,0,0.001299208,,195,circRNA5669,0,0.00169123,,381,hsa_circRNA_104912/hsa_circ_0088442,0,0.001845677,,72,hsa_circ_006054/hsa_circ_0006054,0,0.001433223
,411,hsa_circRNA_101720/hsa_circ_0002078,0,0.001203958,,570,hsa_circRNA_103458/hsa_circ_0067175,0,0.00167824,,537,hsa_circRNA_104001,0,0.001829352,,10,hsa_circ_0088452,0,0.001415417
,304,Circ_VCAN,0,0.001196333,,117,circRNA0003906,0,0.001608272,,404,hsa_circRNA_002143/hsa_circ_0001907,0,0.001824615,,27,Chr5: 158368701,0,0.001411988
,184,circRNA_101419/hsa_circ_0032832,0,0.001193617,,469,hsa_circRNA_104084,0,0.001561188,,203,circRNA7675,0,0.001818042,,68,circDENND4C,0,0.001397849
,231,hsa_circ_0061276,0,0.001182853,,120,hsa_circ_0000504,0,0.001545703,,384,hsa_circ_103783,0,0.001794758,,493,hsa_circRNA_104268/hsa_circ_0078738,0,0.001380752
,488,hsa_circRNA_100777/hsa_circ_0021553,0,0.001175635,,76,hsa_circ_0008945,0,0.001518091,,511,hsa_circ_0005267,0,0.001771803,,2,circRNA_0001073/hsa_circ_0001073,0,0.001373077
,489,hsa_circRNA_104348/hsa_circ_0079891,0,0.001171236,,135,circ6229,0,0.001487709,,1,circRNA_0084927/hsa_circ_0084927,0,0.001761981,,230,hsa_circ_0001017,0,0.001350536
,298,hsa_circ_0004383/cZNF292,0,0.001145765,,145,hsa_circ_0113854,0,0.00146406,,100,hsa_circ_0069399,0,0.001746895,,99,hsa_circ_0002343,0,0.001330389
,556,hsa_circ_102571/hsa_circ_0008615,0,0.001132755,,219,hsa_circ_0002161,0,0.00143825,,87,circ-Foxo3/hsa_circ_0006404,0,0.001721151,,521,hsa_circ_0063179,0,0.001315717
,456,hsa_circ_0016347,0,0.001100875,,61,hsa_circ_0003838,0,0.001412038,,451,hsa_circRNA_104692,0,0.001711569,,266,hsa_circRNA_104916,0,0.001311059
,575,hsa_circRNA_102101,0,0.001063966,,151,mmu_circ_0001052/circHIPK3,0,0.001410111,,309,Circ_ZNF148,0,0.001692853,,58,hsa_circ_0085495,0,0.001288485
,76,hsa_circ_0008945,0,0.001059284,,210,circRNA9227,0,0.00139048,,158,hsa_circ_0087215,0,0.001539283,,365,hsa_circ_0024108,0,0.001265257
,511,hsa_circ_0005267,0,0.001016787,,109,circFAT1,0,0.001365468,,208,circRNA8507,0,0.001533752,,308,Circ_STXBP5L,0,0.001208709
,85,hsa_circ_0001313/circCCDC66,0,0.000984507,,254,hsa_circ_0091742,0,0.001362881,,6,hsa_circ_0005836,0,0.001533599,,21,hsa_circ_0075829,0,0.001155487
,406,hsa_circRNA_102802/hsa_circ_0056048,0,0.000970211,,325,has-circRNA_0046367,0,0.001361596,,124,hsa_circ_0006174,0,0.001486844,,416,hsa_circ_0000519,0,0.001151289
,7,hsa_circ_0009128,0,0.000938113,,556,hsa_circ_102571/hsa_circ_0008615,0,0.001340251,,14,hsa_circ_0035381,0,0.001483663,,275,circRNA.1030,0,0.001147541
,574,hsa_ circRNA_005086,0,0.00091505,,350,hsa_circ_0067531,0,0.001334757,,392,hsa_circ_0013958,0,0.00148167,,88,MCF7_circ_000595,0,0.001099072
,407,hsa_circRNA_104953/hsa_circ_0089310,0,0.00090102,,537,hsa_circRNA_104001,0,0.00133059,,413,hsa_circ_0035560,0,0.001449367,,383,hsa_circ_102533,0,0.001078236
,277,circRNA.33299,0,0.000877379,,58,hsa_circ_0085495,0,0.001330027,,572,hsa_circRNA_001937,0,0.001448082,,256,hsa_circ_0003707,0,0.001040928
,399,circFAM188A/hsa_circ_0000219,0,0.000862283,,49,hsa_circ_0001982,0,0.001325754,,288,hsa_circ_0000199,0,0.001432379,,371,hsa_circRNA_104310/hsa_circ_0079385,0,0.00102547
,80,hsa_circ_0000911,0,0.000815819,,476,hsa_circ_0078297,0,0.001317561,,321,Circ_BEND6,0,0.001402332,,267,hsa_circ_0000190,0,0.001016211
,471,circ-LDLRAD3/hsa_circ_0006988,0,0.000797249,,447,hsa_circRNA_101113,0,0.001263847,,224,hsa_circ_0053743,0,0.001302768,,263,hsa_circRNA_101308,0,0.001005098
,284,hsa_circ_0004872,0,0.000725247,,201,circRNA7673,0,0.0012493,,380,hsa_circRNA_100855/hsa_circ_0023028,0,0.001242226,,546,circRNA_104871,0,0.00097763
,235,hsa_circ_0000181,0,0.000704927,,74,hsa_circ_406697,0,0.001241323,,150,hsa_circ_101555/hsa_circ_0001955,0,0.00120981,,135,circ6229,0,0.000967805
,242,hsa_circ_0005529,0,0.000683637,,502,hsa_circ_402458 ,0,0.001236477,,453,hsa_circRNA_102678,0,0.001201364,,173,Titin circRNAs/cTtns/RBM20-dependent TTN circRNAs,0,0.000944739
,290,hsa_circ_0001566,0,0.000662785,,85,hsa_circ_0001313/circCCDC66,0,0.00121406,,305,Circ_CORO1C,0,0.001162348,,584,hsa_circ_0018508,0,0.000942743
,555,hsa_circ_104807/hsa_circ_0001866,0,0.000597781,,466,hsa_circRNA_102619,0,0.001149127,,302,Circ_FKBP8,0,0.001133714,,375,hsa_circ_0080210/circ-GRB10,0,0.000920616
,247,circLARP4,0,0.000508922,,352,circMTO1/hsa_circRNA_0007874/hsa_circRNA_104135,0,0.001143046,,483,hsa_circ_0008719,0,0.001124109,,249,hsa_circ_0035431,0,0.000881267
,250,hsa_circ_0076305,0,0.000494588,,80,hsa_circ_0000911,0,0.001140406,,328,hsa_circRNA_004183,0,0.001121237,,340,hsa_circ_0078710,0,0.000877856
,281,circBRAF/hsa_circ_0006460,0,0.000483283,,177,circRNA_104983/hsa_circ_0089974,0,0.001126166,,119,hsa_circ_0007031,0,0.001117517,,283,hsa_circ_0008345,0,0.000857914
,220,hsa_circ_0087537,0,0.000482076,,182,circRNA_000695/hsa_circ_0001336,0,0.000970993,,282,hsa_circ_0005603,0,0.001060184,,226,hsa_circ_0005127,0,0.000793821
,288,hsa_circ_0000199,0,0.000406623,,118,hsa_circ_0020397,0,0.000940803,,220,hsa_circ_0087537,0,0.001037524,,486,hsa_circRNA_100395/hsa_circ_0015278,0,0.000791292
,8,hsa_circ_0023956,0,0.000384889,,16,circRNA_102913/hsa_circ_0058058,0,0.000922982,,25,hsa_circ_0002495,0,0.001035082,,316,Circ_ETFA,0,0.000756932
,443,circ-NT5C2/hsa_circ_0092509,0,0.000376637,,212,circRNA9656,0,0.000910224,,200,circRNA7537,0,0.00103018,,178,circRNA_001059/hsa_circ_0000554,0,0.000720887
,523,circRNA_14623,0,0.00037016,,321,Circ_BEND6,0,0.000899089,,573,hsa_circRNA_009024,0,0.001027226,,361,hsa_circ_0005075,0,0.000708497
,129,hsa_circRNA_104700,0,0.000319656,,490,hsa_circRNA_103454/hsa_circ_0067103,0,0.000892116,,122,hsa_circ_0074930,0,0.000993252,,83,hsa_circ_0000893,0,0.000671402
,112,circRHOBTB3,0,0.000314305,,441,hsa_circ_0009910,0,0.000830604,,423,EFCAB11/hsa_circ_0032891,0,0.000989204,,282,hsa_circ_0005603,0,0.000669708
,2,circRNA_0001073/hsa_circ_0001073,0,0.000300383,,449,hsa_circRNA_100241,0,0.000749054,,501,hsa_circRNA_104820/circFAM120A/hsa_circ_0005218,0,0.000965136,,133,circ-KLDHC10/hsa_circ_0082333,0,0.000608544
,314,Circ_SAFB2,0,0.000291101,,375,hsa_circ_0080210/circ-GRB10,0,0.00070325,,30,circRNA BCRC4/hsa_circ_001598/hsa_circ_0001577,0,0.00095601,,539,hsa_circRNA_044353,0,0.000481298
,83,hsa_circ_0000893,0,0.000287171,,204,circRNA7676,0,0.000693166,,555,hsa_circ_104807/hsa_circ_0001866,0,0.000948689,,232,circ-ZFR,0,0.000480036
,394,circRNA_102231,0,0.000272244,,28,Chr9: 74522734,0,0.000690762,,251,circ-104916,0,0.000922371,,528,circRNA_00074,0,0.00042406
,482,hsa_circ_0041150,0,0.000258898,,71,hsa_circ_104821/hsa_circ_0001875,0,0.0006888,,218,hsa_circ_0037911,0,0.00090501,,161,hsa_circ_0026388,0,0.000421208
,528,circRNA_00074,0,0.000215016,,399,circFAM188A/hsa_circ_0000219,0,0.000685356,,530,hsa_circ_0054345,0,0.000902126,,89,circWDR77/hsa_circ_0013509,0,0.000419394
,521,hsa_circ_0063179,0,0.000187553,,230,hsa_circ_0001017,0,0.000677687,,112,circRHOBTB3,0,0.000890498,,292,chr19:5761476-5761630,0,0.000412319
,496,hsa_circRNA_101356/hsa_circ_0004846,0,0.000176964,,241,hsa_circ_0032821,0,0.000651828,,509,hsa_circ_0003171,0,0.000874184,,62,circVRK1,0,0.000356907
,64,circOLA,0,0.000165802,,296,hsa_circ_0046701,0,0.000610472,,365,hsa_circ_0024108,0,0.000846543,,43,hsa_circ_0007534,0,0.000329175
,262,hsa_circ_0001895/circPRRC2B/hsa_circ_000760,0,0.000161254,,304,Circ_VCAN,0,0.00058889,,144,hsa_circ_0082081,0,0.000764021,,220,hsa_circ_0087537,0,0.000324051
,397,circHLA-C,0,0.000160128,,12,hsa_circ_0075001/circNPM1,0,0.000556308,,303,Circ_RIMS1,0,0.000731322,,331,hsa_circRNA_014724,0,0.000319044
,126,hsa_circ_0084021,0,0.000140687,,354,hsa_circRNA_100338/circSNX27,0,0.000551315,,368,hsa_circ_0001189,0,0.000686953,,235,hsa_circ_0000181,0,0.000262885
,453,hsa_circRNA_102678,0,0.000126408,,487,hsa_circRNA_104595/hsa_circ_0008016,0,0.00053139,,3,circRNA_0005941/hsa_circ_0005941,0,0.000631072,,49,hsa_circ_0001982,0,0.0002135
,278,circRNA.20159,0,0.000117342,,279,circRNA.37134,0,0.000509471,,357,circRNA_000839,0,0.000606412,,309,Circ_ZNF148,0,0.000206105
,128,hsa_circRNA_103809,0,0.000113872,,508,hsa_circ_0006427,0,0.000497752,,51,hsa_circ_0108942,0,0.000584214,,579,hsa_circ_0030045,0,0.000171176
,448,hsa_circRNA_102485,0,9.50E-05,,54,hsa_circ_0006528,0,0.000495939,,475,hsa_circ_0043278,0,0.00054718,,301,Circ_HIPK3,0,0.000171058
,516,hsa_circRNA_102347,0,5.13E-05,,98,hsa circ 0031288/circPABPN1,0,0.000481548,,444,hsa_circRNA_103801,0,0.000540193,,575,hsa_circRNA_102101,0,0.000163887
,301,Circ_HIPK3,0,3.84E-05,,192,circRNA3707,0,0.000472392,,74,hsa_circ_406697,0,0.000459811,,438,hsa_circRNA_103387,0,0.000127689
,551,circHECTD1,0,-2.51E-05,,225,hsa_circ_0029067,0,0.00045194,,326,hsa_circRNA_002082,0,0.000454765,,122,hsa_circ_0074930,0,0.000123744
,218,hsa_circ_0037911,0,-2.60E-05,,436,hsa_circ_0045714,0,0.000432524,,61,hsa_circ_0003838,0,0.00039016,,560,hsa_circRNA_003251,0,0.000113037
,238,hsa_circ_0006127,0,-5.09E-05,,479,hsa_circ_0005397,0,0.000429698,,213,circRNA9658,0,0.000335501,,22,hsa_circ_0008732,0,0.000110868
,176,hsa_circ_0002577,0,-5.94E-05,,249,hsa_circ_0035431,0,0.000390978,,455,cir-GLI2/hsa_circ_0056288,0,0.000298239,,127,circ-BANP,0,8.63E-05
,219,hsa_circ_0002161,0,-6.91E-05,,552,hsa_circ_400011/hsa_circ_0092374,0,0.00037599,,82,hsa_circ_0001283,0,0.00029686,,388,hsa_circ_0012673,0,3.45E-06
,334,hsa_circ_0067745,0,-8.13E-05,,402,circSP100/hsa_circ_0003922,0,0.000292404,,154,hsa_circ_0066922,0,0.000288054,,104,hsa_circ_0001187,0,-6.95E-05
,194,circRNA4628,0,-8.63E-05,,256,hsa_circ_0003707,0,0.000223955,,367,hsa_circ_0002260,0,0.00025389,,306,Circ_MAN1A2,0,-7.00E-05
,562,hsa_circRNA_100918,0,-0.000113366,,361,hsa_circ_0005075,0,0.000125442,,383,hsa_circ_102533,0,0.000246157,,64,circOLA,0,-8.15E-05
,121,hsa_circ_0007006,0,-0.000140034,,531,hsa_circ_0072765,0,0.000123988,,117,circRNA0003906,0,0.000243323,,130,hsa_circ_0000069,0,-9.77E-05
,563,hsa_circRNA_005019 ,0,-0.000190541,,73,hsa_circ_100219/hsa_circ_0004619,0,0.000108938,,130,hsa_circ_0000069,0,0.000214391,,181,circRNA_101877/hsa_circ_0004519,0,-0.000136381
,535,hsa_circRNA_070616/hsa_circ_0070616,0,-0.00019592,,473,hsa_circ_0006220,0,0.000108702,,21,hsa_circ_0075829,0,0.00019716,,387,circIPO11/hsa_circRNA_103847/hsa_circ_0007915,0,-0.000163854
,306,Circ_MAN1A2,0,-0.000202334,,205,circRNA7679,0,0.000104743,,539,hsa_circRNA_044353,0,0.000168318,,326,hsa_circRNA_002082,0,-0.000197984
,268,hsa_circRNA_400071,0,-0.000203396,,446,hsa_circRNA_103309,0,9.91E-05,,269,hsa_circRNA_000792,0,0.000165627,,76,hsa_circ_0008945,0,-0.000199856
,122,hsa_circ_0074930,0,-0.0002109,,424,DTNA/hsa_circ_0108308,0,5.28E-05,,369,circular RNA100783/hsa_circ_0008887,0,0.000142874,,574,hsa_ circRNA_005086,0,-0.000226359
,310,Circ_UNC79,0,-0.000215099,,143,hsa_circ_0124644,0,4.86E-05,,132,hsa_circ_001988/hsa_circ_0001451,0,0.000142159,,545,hsa_circRNA_102594/hsa_circ_0052012,0,-0.00023512
,380,hsa_circRNA_100855/hsa_circ_0023028,0,-0.000252684,,429,hsa_circ_0014130,0,3.91E-05,,395,circUBAP2,0,0.000130975,,412,hsa_circRNA_067209/hsa_circ_0067209,0,-0.000243669
,214,circRNA9671,0,-0.000261657,,188,circRNA3341,0,-4.09E-05,,257,hsa_circ_0085553,0,0.000118835,,484,hsa_circRNA_104565/hsa_circ_0002111,0,-0.000252317
,177,circRNA_104983/hsa_circ_0089974,0,-0.000284933,,311,Circ_EML5,0,-5.42E-05,,563,hsa_circRNA_005019 ,0,0.000117389,,166,hsa_circRNA_063981,0,-0.000258599
,173,Titin circRNAs/cTtns/RBM20-dependent TTN circRNAs,0,-0.000287165,,113,circSMARC1A,0,-7.19E-05,,181,circRNA_101877/hsa_circ_0004519,0,0.000108732,,351,CircARSP91/hsa_circ_0085154,0,-0.000266473
,212,circRNA9656,0,-0.000363289,,481,hsa_circ_0000257,0,-8.89E-05,,8,hsa_circ_0023956,0,4.73E-05,,31,hsa_circ_0003221/circPTK2,0,-0.0002824
,485,hsa_circRNA_104566/hsa_circ_0004458,0,-0.000380965,,438,hsa_circRNA_103387,0,-0.000115372,,161,hsa_circ_0026388,0,4.68E-05,,179,circRNA_100984/hsa_circ_0002019,0,-0.000298579
,58,hsa_circ_0085495,0,-0.000465943,,567,hsa_circRNA_102771/hsa_circ_0055377,0,-0.000129695,,153,hsa_circ_0019069,0,4.52E-05,,19,hsa_circ_0003575,0,-0.000312997
,197,circRNA7534,0,-0.000477596,,493,hsa_circRNA_104268/hsa_circ_0078738,0,-0.000144066,,307,Circ_SLC8A1,0,3.72E-05,,79,hsa_circ_0001721,0,-0.000322419
,308,Circ_STXBP5L,0,-0.000478038,,320,Circ_MCTP1/hsa_circ_0005540,0,-0.000156859,,333,hsa_circ_0040081,0,3.24E-05,,417,hsa_circ_0001400,0,-0.000330205
,486,hsa_circRNA_100395/hsa_circ_0015278,0,-0.000482417,,25,hsa_circ_0002495,0,-0.000174077,,505,hsa_circ_082319,0,1.86E-05,,38,circTRIM24/hsa_circ_0082582,0,-0.000358599
,222,hsa_circ_0071896,0,-0.000483963,,440,circRNA-MSR/hsa_circ_0005567,0,-0.000191581,,231,hsa_circ_0061276,0,1.21E-05,,428,hsa_circ_0007385,0,-0.000381666
,583,hsa_circ_0054633,0,-0.000515832,,333,hsa_circ_0040081,0,-0.000199481,,109,circFAT1,0,8.43E-06,,295,circ-FBXW7,0,-0.000419997
,297,circTTBK2/hsa_circ_0000594,0,-0.000530557,,307,Circ_SLC8A1,0,-0.000201943,,273,hsa_circRNA_001066,0,5.94E-06,,549,circRNA_103047,0,-0.000426734
,56,hsa_circ_0002874,0,-0.000536676,,334,hsa_circ_0067745,0,-0.000213272,,24,hsa_circ_0000172,0,-3.83E-05,,453,hsa_circRNA_102678,0,-0.000468982
,253,hsa_circ_0058246,0,-0.000536904,,194,circRNA4628,0,-0.000215305,,348,hsa_circ_0072359,0,-7.37E-05,,581,hsa_circ_0030569,0,-0.000470079
,498,hsa_circRNA_104433/hsa_circ_0081342,0,-0.000559865,,276,circRNA.5333,0,-0.000240415,,232,circ-ZFR,0,-0.000136382,,274,hsa_circ_0000140/hsa_circ_002059,0,-0.000471762
,365,hsa_circ_0024108,0,-0.000576817,,359,circZKSCAN1/hsa_circ_0001727,0,-0.000301069,,240,hsa_circ_0000144,0,-0.000147111,,532,hsa_circ_0070963,0,-0.000524114
,504,hsa_circ_407176,0,-0.000628079,,548,circRNA_101873,0,-0.000306846,,450,hsa_circRNA_104980,0,-0.000190194,,422,MAP4K3/hsa_circ_0054211,0,-0.000526523
,256,hsa_circ_0003707,0,-0.000630573,,384,hsa_circ_103783,0,-0.000310979,,519,hsa_circ_0002362,0,-0.000208511,,237,hsa_circ_0085616,0,-0.000563136
,96,hsa_circ_0089231,0,-0.000631986,,209,circRNA904,0,-0.000387365,,415,hsa_circ_0000517,0,-0.000245831,,508,hsa_circ_0006427,0,-0.000586486
,224,hsa_circ_0053743,0,-0.000660604,,540,hsa_circRNA_404686,0,-0.000395553,,299,Circ_SMARCA5,0,-0.000255223,,439,hsa_circRNA_101975,0,-0.000595763
,567,hsa_circRNA_102771/hsa_circ_0055377,0,-0.000678513,,444,hsa_circRNA_103801,0,-0.000434129,,198,circRNA7535,0,-0.000278581,,307,Circ_SLC8A1,0,-0.000606398
,243,hsa_circ_0061274,0,-0.000695038,,416,hsa_circ_0000519,0,-0.000442164,,156,hsa_circ_0081162,0,-0.000284646,,26,Chr22: 28943661,0,-0.000639946
,203,circRNA7675,0,-0.000708342,,119,hsa_circ_0007031,0,-0.000474857,,441,hsa_circ_0009910,0,-0.000315067,,348,hsa_circ_0072359,0,-0.00064208
,392,hsa_circ_0013958,0,-0.000744371,,264,hsa_circRNA_104423,0,-0.000544267,,402,circSP100/hsa_circ_0003922,0,-0.000333054,,276,circRNA.5333,0,-0.000649281
,487,hsa_circRNA_104595/hsa_circ_0008016,0,-0.000789761,,396,hsa_circ_0000064,0,-0.000565223,,236,hsa_circ_0000745,0,-0.00035154,,544,hsa_circRNA_101407/hsa_circ_0032683,0,-0.000681585
,68,circDENND4C,0,-0.000795827,,389,hsa_circRNA_404833,0,-0.00057524,,80,hsa_circ_0000911,0,-0.000360859,,8,hsa_circ_0023956,0,-0.000706182
,357,circRNA_000839,0,-0.000818187,,383,hsa_circ_102533,0,-0.00059139,,391,hsa_circRNA_401977,0,-0.00036581,,454,hsa_circRNA_100258,0,-0.000711714
,153,hsa_circ_0019069,0,-0.000842792,,227,hsa_circ_0003159,0,-0.000611529,,262,hsa_circ_0001895/circPRRC2B/hsa_circ_000760,0,-0.000392673,,204,circRNA7676,0,-0.000718823
,144,hsa_circ_0082081,0,-0.000845732,,430,hsa_circ_0016760,0,-0.000616409,,189,circRNA3594,0,-0.000421122,,24,hsa_circ_0000172,0,-0.000772362
,336,hsa_circ_0079549,0,-0.000868441,,220,hsa_circ_0087537,0,-0.000636386,,434,circRNA_100290/hsa_circ_0013339/hsa_circ_100290,0,-0.00043794,,251,circ-104916,0,-0.000781428
,439,hsa_circRNA_101975,0,-0.000876067,,378,hsa_circ_0041946,0,-0.000673971,,36,circTCF25/hsa_circ_0041103,0,-0.000444746,,57,hsa_circ_0001667,0,-0.000854331
,280,circRNA.22054,0,-0.000888683,,293,circSMARCA5/hsa_circ_0001445,0,-0.000686569,,486,hsa_circRNA_100395/hsa_circ_0015278,0,-0.000456411,,236,hsa_circ_0000745,0,-0.000882521
,569,hsa_circRNA_005525/hsa_circ_0005525,0,-0.000898007,,302,Circ_FKBP8,0,-0.000692114,,491,hsa_circRNA_105038/hsa_circ_0091894,0,-0.000465525,,125,hsa_circ_0008509,0,-0.000918478
,309,Circ_ZNF148,0,-0.000916541,,242,hsa_circ_0005529,0,-0.000693854,,123,hsa_circ_0048232,0,-0.000478202,,421,IQCK/hsa_circ_0038374,0,-0.000938541
,70,hsa_circ_104689/hsa_circ_0001824,0,-0.000925286,,326,hsa_circRNA_002082,0,-0.000698682,,270,hsa_circRNA_000543,0,-0.000488088,,273,hsa_circRNA_001066,0,-0.00094698
,305,Circ_CORO1C,0,-0.000977608,,329,hsa_circRNA_007850,0,-0.000717179,,518,hsa_circ_0008797,0,-0.000492542,,336,hsa_circ_0079549,0,-0.000957588
,140,hsa-circRNA11806-28,0,-0.000982265,,285,hsa_circ_0006411,0,-0.000753822,,276,circRNA.5333,0,-0.000493513,,321,Circ_BEND6,0,-0.000966995
,287,hsa_circ_0002968,0,-0.001038697,,459,hsa_circ_0062557,0,-0.000762927,,502,hsa_circ_402458 ,0,-0.000508297,,169,hsa_circRNA_406918,0,-0.000981853
,261,circRNA_100269,0,-0.001050281,,131,hsa_circ_0000677/hsa_circ_001569/circABCC,0,-0.000785575,,35,circMylk/circRNA-MYLK/hsa_circ_0002768,0,-0.000542623,,257,hsa_circ_0085553,0,-0.000984272
,99,hsa_circ_0002343,0,-0.001057277,,538,hsa_circRNA_104854,0,-0.000786046,,310,Circ_UNC79,0,-0.000565422,,554,hsa_circ_101471/hsa_circ_0034398,0,-0.001043671
,61,hsa_circ_0003838,0,-0.001066291,,382,hsa_circ_101396,0,-0.000787662,,29,Cir-ITCH/hsa_circ_0001141/hsa_circ_001763,0,-0.00062272,,145,hsa_circ_0113854,0,-0.001087979
,245,hsa_circ_0092341,0,-0.001073118,,426,circRNA_081881,0,-0.000794288,,495,hsa_circRNA_001379/hsa_circ_0000516,0,-0.000631012,,341,hsa_circ_0041731,0,-0.001096393
,229,hsa_circ_0074362,0,-0.001082518,,138,circ0817,0,-0.000824615,,446,hsa_circRNA_103309,0,-0.000665673,,344,hsa_circ_0023114,0,-0.001104072
,167,hsa_circRNA_ 404457,0,-0.001082564,,534,hsa_circ_0013255,0,-0.000831867,,85,hsa_circ_0001313/circCCDC66,0,-0.000675716,,131,hsa_circ_0000677/hsa_circ_001569/circABCC,0,-0.001113306
,492,hsa_circRNA_400064/hsa_circ_0092315,0,-0.001115503,,569,hsa_circRNA_005525/hsa_circ_0005525,0,-0.000845203,,223,hsa_circ_0063781,0,-0.000706283,,339,hsa_circ_0005931,0,-0.001132401
,255,hsa_circ_0089548,0,-0.001141756,,79,hsa_circ_0001721,0,-0.000860036,,162,hsa_circ_0057093,0,-0.000717569,,214,circRNA9671,0,-0.001135319
,25,hsa_circ_0002495,0,-0.001146816,,163,hsa_circ_0030055,0,-0.000863852,,226,hsa_circ_0005127,0,-0.000724784,,400,circUBR5/hsa_circ_0001819,0,-0.001162103
,251,circ-104916,0,-0.001248629,,373,hsa_circRNA_051239/hsa_circ_0051239,0,-0.000869104,,52,hsa_circ_0068033,0,-0.00072814,,526,circRNA_09993,0,-0.001195925
,6,hsa_circ_0005836,0,-0.001254346,,15,hsa_circ_0004136,0,-0.000889036,,44,hsa_circ_0093859,0,-0.000755991,,548,circRNA_101873,0,-0.001222172
,282,hsa_circ_0005603,0,-0.001272877,,327,hsa_circRNA_000367,0,-0.000903584,,407,hsa_circRNA_104953/hsa_circ_0089310,0,-0.000764503,,245,hsa_circ_0092341,0,-0.001248699
,161,hsa_circ_0026388,0,-0.001315978,,148,hsa_circ_103736/hsa_circ_0070933,0,-0.00103377,,93,hsa_circ_0011021,0,-0.00080231,,343,hsa_circ_0023110,0,-0.001277447
,45,circRNA-000911,0,-0.001333107,,372,hsa_circRNA_102116/hsa_circ_0003258,0,-0.001066114,,115,hsa_circ_0000567,0,-0.000803067,,404,hsa_circRNA_002143/hsa_circ_0001907,0,-0.001284032
,48,circRNA-100438,0,-0.001339856,,470,hsa_circRNA_104270,0,-0.001067758,,178,circRNA_001059/hsa_circ_0000554,0,-0.00083021,,159,hsa_circ_0041796,0,-0.0012906
,54,hsa_circ_0006528,0,-0.001349794,,338,hsa_circ_0045510,0,-0.001119151,,454,hsa_circRNA_100258,0,-0.0008442,,446,hsa_circRNA_103309,0,-0.001359662
,88,MCF7_circ_000595,0,-0.001355966,,141,hsa-circRNA6510-1,0,-0.001160282,,75,circABCB10/hsa_circ_0008717,0,-0.000870604,,281,circBRAF/hsa_circ_0006460,0,-0.00136117
,317,Circ_MED12L,0,-0.001388327,,448,hsa_circRNA_102485,0,-0.001167193,,81,hsa_circ_0018293,0,-0.000891455,,200,circRNA7537,0,-0.001391859
,438,hsa_circRNA_103387,0,-0.001425378,,284,hsa_circ_0004872,0,-0.001180712,,510,circ_SDHA,0,-0.000905796,,459,hsa_circ_0062557,0,-0.001412146
,272,hsa_circRNA_400066,0,-0.001429046,,13,hsa_circ_0004277,0,-0.001201498,,97,hsa_circ_0087432,0,-0.000915661,,407,hsa_circRNA_104953/hsa_circ_0089310,0,-0.001435697
,146,hsa_circ_0098964,0,-0.001454073,,167,hsa_circRNA_ 404457,0,-0.001203078,,23,hsa_circ_0005912,0,-0.000933118,,505,hsa_circ_082319,0,-0.00146451
,353,hsa_circ_0005986,0,-0.001457705,,197,circRNA7534,0,-0.001203219,,110,circARHGAP5,0,-0.000945793,,238,hsa_circ_0006127,0,-0.001514318
,276,circRNA.5333,0,-0.001487083,,503,hsa_circ_406329,0,-0.001214603,,317,Circ_MED12L,0,-0.001017515,,352,circMTO1/hsa_circRNA_0007874/hsa_circRNA_104135,0,-0.001517634
,497,hsa_circRNA_102002/hsa_circ_0003505,0,-0.00151351,,412,hsa_circRNA_067209/hsa_circ_0067209,0,-0.001258025,,176,hsa_circ_0002577,0,-0.001036999,,424,DTNA/hsa_circ_0108308,0,-0.001530705
,109,circFAT1,0,-0.001540485,,5,circRNA_0018168/hsa_circ_0018168,0,-0.001260598,,353,hsa_circ_0005986,0,-0.001039062,,559,hsa_circ_101889/hsa_circ_0040705,0,-0.001536287
,395,circUBAP2,0,-0.001552991,,561,hsa_circRNA_015115,0,-0.001260697,,398,circEKL4/hsa_circ_0000175,0,-0.001040372,,45,circRNA-000911,0,-0.001546708
,188,circRNA3341,0,-0.00158227,,450,hsa_circRNA_104980,0,-0.00129076,,58,hsa_circ_0085495,0,-0.00104769,,271,hsa_circRNA_001959,0,-0.001547831
,360,hsa_circ_0004018,0,-0.001619634,,154,hsa_circ_0066922,0,-0.001310041,,135,circ6229,0,-0.001079853,,119,hsa_circ_0007031,0,-0.001560391
,437,hsa_circRNA_000598,0,-0.001619723,,30,circRNA BCRC4/hsa_circ_001598/hsa_circ_0001577,0,-0.001331178,,568,hsa_circRNA_104349/hsa_circ_0079929,0,-0.00110646,,53,circAmotl1/hsa_circ_0004214,0,-0.001569268
,101,hsa_circRNA_102683/hsa_circ_0007386,0,-0.001639561,,59,hsa_circ_0086241,0,-0.001387085,,94,hsa_circ_0034912,0,-0.001153812,,415,hsa_circ_0000517,0,-0.001608662
,158,hsa_circ_0087215,0,-0.001640442,,37,circFAM169A/hsa_circ_0007158,0,-0.001395039,,578,hsa_circ_0043497,0,-0.001168843,,457,hsa_circRNA_104194/hsa_circ_0004712,0,-0.001610336
,507,hsa_circ_0000378,0,-0.001642557,,160,hsa_circ_0072410,0,-0.001408191,,149,hsa_circ_103737/hsa_circ_0070934,0,-0.001215526,,452,hsa_circRNA_104892,0,-0.001643154
,534,hsa_circ_0013255,0,-0.001681445,,8,hsa_circ_0023956,0,-0.001465298,,204,circRNA7676,0,-0.001215995,,379,hsa_circ_0021001,0,-0.001674416
,19,hsa_circ_0003575,0,-0.001710526,,1,circRNA_0084927/hsa_circ_0084927,0,-0.001493914,,133,circ-KLDHC10/hsa_circ_0082333,0,-0.001236018,,141,hsa-circRNA6510-1,0,-0.001675817
,350,hsa_circ_0067531,0,-0.001733014,,559,hsa_circ_101889/hsa_circ_0040705,0,-0.001582378,,234,circRNA0138960/hsa_circ_0138960,0,-0.001240512,,386,circFUT8/hsa_circRNA_101368/hsa_circ_0003028,0,-0.001727844
,186,circRNA167,0,-0.001775772,,324,circRNA_0046366,0,-0.001601232,,295,circ-FBXW7,0,-0.001261935,,552,hsa_circ_400011/hsa_circ_0092374,0,-0.001729181
,321,Circ_BEND6,0,-0.00181896,,460,hsa_circ_0026143,0,-0.001623335,,255,hsa_circ_0089548,0,-0.001267505,,566,hsa_circRNA_002271/hsa_circ_0002271,0,-0.001729796
,396,hsa_circ_0000064,0,-0.001827374,,207,circRNA8506,0,-0.00165596,,256,hsa_circ_0003707,0,-0.00135731,,360,hsa_circ_0004018,0,-0.001732574
,105,hsa_circ_0007928,0,-0.001836744,,156,hsa_circ_0081162,0,-0.001703283,,9,hsa_circ_0078768,0,-0.001364364,,518,hsa_circ_0008797,0,-0.001741639
,584,hsa_circ_0018508,0,-0.001840713,,7,hsa_circ_0009128,0,-0.001711248,,388,hsa_circ_0012673,0,-0.001376897,,572,hsa_circRNA_001937,0,-0.001773135
,273,hsa_circRNA_001066,0,-0.001856775,,21,hsa_circ_0075829,0,-0.001715919,,557,hsa_circ_100226/hsa_circ_0046599,0,-0.001387998,,487,hsa_circRNA_104595/hsa_circ_0008016,0,-0.001801793
,447,hsa_circRNA_101113,0,-0.001870581,,107,circATP2B1/hsa_circ_000826/hsa_circ_0000426,0,-0.001739256,,186,circRNA167,0,-0.001392976,,585,hsa_circ_0068087,0,-0.001811759
,91,circRNA-000284,0,-0.001880213,,414,hsa_circ_0005402,0,-0.00174556,,352,circMTO1/hsa_circRNA_0007874/hsa_circRNA_104135,0,-0.001405813,,248,hsa_circ_0076304,0,-0.00183132
,275,circRNA.1030,0,-0.001880554,,196,circRNA666,0,-0.001822752,,146,hsa_circ_0098964,0,-0.001407789,,114,hsa_circ_0014717,0,-0.001832761
,295,circ-FBXW7,0,-0.001893586,,322,Circ_ERC1,0,-0.001846033,,20,circANRIL,0,-0.001432679,,243,hsa_circ_0061274,0,-0.001912547
,403,hsa_circRNA_103636/hsa_circ_0001410,0,-0.001922749,,294,circ-SHKBP1,0,-0.001922075,,280,circRNA.22054,0,-0.001442333,,300,Circ_KCNN2,0,-0.001926576
,541,hsa_circ_0001859,0,-0.001935587,,152,hsa_circ_0005015,0,-0.001940238,,517,hsa_circ_0000681,0,-0.001446818,,155,hsa_circ_0081108,0,-0.001971036
,469,hsa_circRNA_104084,0,-0.00194349,,543,hsa_circRNA_103334/hsa_circ_0064996,0,-0.001963312,,252,hsa_circ_0006633,0,-0.001452743,,359,circZKSCAN1/hsa_circ_0001727,0,-0.001971461
,359,circZKSCAN1/hsa_circ_0001727,0,-0.001948968,,147,hsa-circRNA5974-1,0,-0.001970609,,374,hsa_circRNA_102039/hsa_circ_0043138,0,-0.0014784,,429,hsa_circ_0014130,0,-0.001986181
,510,circ_SDHA,0,-0.001962718,,514,hsa_circRNA_102032,0,-0.001972558,,201,circRNA7673,0,-0.001508611,,61,hsa_circ_0003838,0,-0.001989708
,459,hsa_circ_0062557,0,-0.001973522,,475,hsa_circ_0043278,0,-0.001973169,,91,circRNA-000284,0,-0.001544643,,224,hsa_circ_0053743,0,-0.002041064
,78,hsa_circ_0000098,0,-0.001977143,,162,hsa_circ_0057093,0,-0.002023008,,370,hsa_circRNA_100933/hsa_circ_0023984,0,-0.001562089,,182,circRNA_000695/hsa_circ_0001336,0,-0.002046375
,580,hsa_circ_0001417,0,-0.00204959,,183,circRNA_000167/hsa_circRNA_000167/hsa_circ_0000518,0,-0.002029592,,337,hsa_circ_0017515,0,-0.001605934,,485,hsa_circRNA_104566/hsa_circ_0004458,0,-0.002082904
,42,hsa_circ_0011946,0,-0.002055262,,244,hsa_circ_0005927,0,-0.002055103,,37,circFAM169A/hsa_circ_0007158,0,-0.001713497,,117,circRNA0003906,0,-0.002099548
,296,hsa_circ_0046701,0,-0.002077019,,243,hsa_circ_0061274,0,-0.002071948,,327,hsa_circRNA_000367,0,-0.001721919,,502,hsa_circ_402458 ,0,-0.002108022
,390,hsa_circRNA_006411,0,-0.002090061,,22,hsa_circ_0008732,0,-0.002072852,,562,hsa_circRNA_100918,0,-0.001746534,,190,circRNA3703,0,-0.002138036
,136,circ7374,0,-0.002100609,,60,hsa_circ_0092276,0,-0.00208426,,22,hsa_circ_0008732,0,-0.001752073,,33,hsa_circ_0091017,0,-0.002183271
,533,hsa_circ_0061893,0,-0.002103222,,123,hsa_circ_0048232,0,-0.002088966,,261,circRNA_100269,0,-0.00176136,,449,hsa_circRNA_100241,0,-0.002211429
,330,hsa_circRNA_004121,0,-0.002120026,,36,circTCF25/hsa_circ_0041103,0,-0.002124163,,311,Circ_EML5,0,-0.001771359,,197,circRNA7534,0,-0.002221138
,145,hsa_circ_0113854,0,-0.002135413,,172,hsa_circRNA_ 100192,0,-0.002135466,,338,hsa_circ_0045510,0,-0.001812453,,279,circRNA.37134,0,-0.002238752
,151,mmu_circ_0001052/circHIPK3,0,-0.002158192,,393,circMAN2B2/hsa_circRNA_103595,0,-0.002149951,,38,circTRIM24/hsa_circ_0082582,0,-0.001825692,,563,hsa_circRNA_005019 ,0,-0.002266176
,477,circRNA_100782,0,-0.002163007,,462,hsa_circ_0000673,0,-0.002206605,,290,hsa_circ_0001566,0,-0.001830994,,219,hsa_circ_0002161,0,-0.00226799
,185,circRNA120,0,-0.00218282,,295,circ-FBXW7,0,-0.002218538,,278,circRNA.20159,0,-0.001843645,,168,hsa_circRNA_100750,0,-0.002278735
,199,circRNA7536,0,-0.002193407,,349,circC3P1,0,-0.00223081,,137,circ7780,0,-0.001878141,,285,hsa_circ_0006411,0,-0.002293455
,81,hsa_circ_0018293,0,-0.002290495,,161,hsa_circ_0026388,0,-0.002249901,,79,hsa_circ_0001721,0,-0.001885256,,15,hsa_circ_0004136,0,-0.002329349
,546,circRNA_104871,0,-0.002341281,,398,circEKL4/hsa_circ_0000175,0,-0.002253134,,169,hsa_circRNA_406918,0,-0.001902175,,95,hsa_circ_0091822,0,-0.002333766
,529,hsa_circ_0071410,0,-0.002393535,,408,hsa_circRNA_100914/hsa_circ_0023903,0,-0.002271682,,183,circRNA_000167/hsa_circRNA_000167/hsa_circ_0000518,0,-0.001922192,,132,hsa_circ_001988/hsa_circ_0001451,0,-0.002335084
,23,hsa_circ_0005912,0,-0.002409909,,344,hsa_circ_0023114,0,-0.002309942,,50,hsa_circ_0001785,0,-0.001941006,,368,hsa_circ_0001189,0,-0.002338925
,565,hsa_circRNA_104634/hsa_circ_0084615,0,-0.002437896,,250,hsa_circ_0076305,0,-0.00231543,,229,hsa_circ_0074362,0,-0.001996022,,84,hsa_circ_0000981,0,-0.002339543
,412,hsa_circRNA_067209/hsa_circ_0067209,0,-0.002468749,,433,CircDOCK1/hsa_circ_100721,0,-0.002337633,,271,hsa_circRNA_001959,0,-0.002000925,,576,hsa_circRNA_104964,0,-0.002374286
,354,hsa_circRNA_100338/circSNX27,0,-0.002541133,,124,hsa_circ_0006174,0,-0.002340338,,490,hsa_circRNA_103454/hsa_circ_0067103,0,-0.002007504,,112,circRHOBTB3,0,-0.002385861
,94,hsa_circ_0034912,0,-0.002557676,,211,circRNA9652,0,-0.002346737,,355,hsa_circRNA_104075,0,-0.002018305,,403,hsa_circRNA_103636/hsa_circ_0001410,0,-0.002417254
,543,hsa_circRNA_103334/hsa_circ_0064996,0,-0.002564429,,335,hsa_circ_0062163,0,-0.002348237,,482,hsa_circ_0041150,0,-0.002021197,,287,hsa_circ_0002968,0,-0.002424714
,240,hsa_circ_0000144,0,-0.00258921,,555,hsa_circ_104807/hsa_circ_0001866,0,-0.002375407,,281,circBRAF/hsa_circ_0006460,0,-0.00204213,,317,Circ_MED12L,0,-0.002441324
,104,hsa_circ_0001187,0,-0.002639327,,265,hsa_circRNA_100269,0,-0.002440699,,464,hsa_circRNA_101717,0,-0.00212772,,288,hsa_circ_0000199,0,-0.00247707
,348,hsa_circ_0072359,0,-0.002699694,,497,hsa_circRNA_102002/hsa_circ_0003505,0,-0.002462364,,481,hsa_circ_0000257,0,-0.00213134,,499,hsa_circ_101222/hsa_circ_0029601,0,-0.002491217
,31,hsa_circ_0003221/circPTK2,0,-0.002700714,,50,hsa_circ_0001785,0,-0.002490891,,322,Circ_ERC1,0,-0.002159556,,120,hsa_circ_0000504,0,-0.002505901
,15,hsa_circ_0004136,0,-0.002702639,,498,hsa_circRNA_104433/hsa_circ_0081342,0,-0.002493409,,313,Circ_RNF10,0,-0.002159694,,60,hsa_circ_0092276,0,-0.002506901
,160,hsa_circ_0072410,0,-0.002716624,,10,hsa_circ_0088452,0,-0.002514447,,465,hsa_circRNA_102051,0,-0.002162044,,323,CircSLC8A1-1,0,-0.002520032
,358,hsa_circRNA_100709/hsa_circ_0003570,0,-0.002719195,,53,circAmotl1/hsa_circ_0004214,0,-0.002519095,,207,circRNA8506,0,-0.002179515,,177,circRNA_104983/hsa_circ_0089974,0,-0.002541438
,86,circPVT1/hsa_circ_0001821,0,-0.002734375,,557,hsa_circ_100226/hsa_circ_0046599,0,-0.002524386,,389,hsa_circRNA_404833,0,-0.002182525,,426,circRNA_081881,0,-0.002542336
,216,circRNA9777,0,-0.00275418,,190,circRNA3703,0,-0.002534055,,294,circ-SHKBP1,0,-0.002201021,,193,circRNA378,0,-0.002544875
,465,hsa_circRNA_102051,0,-0.002782275,,267,hsa_circ_0000190,0,-0.002536111,,68,circDENND4C,0,-0.002293033,,65,circETFA,0,-0.002563995
,474,hsa_circ_0001666,0,-0.002799372,,420,GSDMB ecircRNA/hsa_circ_0106803,0,-0.00255472,,452,hsa_circRNA_104892,0,-0.002343962,,367,hsa_circ_0002260,0,-0.002577474
,124,hsa_circ_0006174,0,-0.002814242,,484,hsa_circRNA_104565/hsa_circ_0002111,0,-0.0025647,,32,hsa_circRNA_100782/circHIPK3/hsa_circ_0000284,0,-0.002351075,,63,circBRIP,0,-0.00261799
,369,circular RNA100783/hsa_circ_0008887,0,-0.002845279,,496,hsa_circRNA_101356/hsa_circ_0004846,0,-0.0025797,,351,CircARSP91/hsa_circ_0085154,0,-0.002363441,,474,hsa_circ_0001666,0,-0.002634616
,327,hsa_circRNA_000367,0,-0.00285138,,226,hsa_circ_0005127,0,-0.002595162,,98,hsa circ 0031288/circPABPN1,0,-0.002364877,,75,circABCB10/hsa_circ_0008717,0,-0.002640855
,518,hsa_circ_0008797,0,-0.00285382,,146,hsa_circ_0098964,0,-0.002617685,,71,hsa_circ_104821/hsa_circ_0001875,0,-0.002403114,,280,circRNA.22054,0,-0.002650884
,118,hsa_circ_0020397,0,-0.002926438,,558,hsa_circ_100775/hsa_circ_0021549,0,-0.002701555,,195,circRNA5669,0,-0.002437144,,268,hsa_circRNA_400071,0,-0.002660354
,227,hsa_circ_0003159,0,-0.002945829,,510,circ_SDHA,0,-0.002726737,,373,hsa_circRNA_051239/hsa_circ_0051239,0,-0.002485261,,110,circARHGAP5,0,-0.00269888
,366,hsa_circ_0036722,0,-0.002973487,,6,hsa_circ_0005836,0,-0.002727232,,267,hsa_circ_0000190,0,-0.002515756,,522,hsa_circ_0002908,0,-0.002743623
,164,hsa_circ_0026372,0,-0.002999154,,155,hsa_circ_0081108,0,-0.002747421,,210,circRNA9227,0,-0.002561858,,113,circSMARC1A,0,-0.002795062
,466,hsa_circRNA_102619,0,-0.003031134,,239,hsa_circ_0000026,0,-0.002757303,,127,circ-BANP,0,-0.00257689,,363,hsa_circ_0058106,0,-0.002802105
,410,hsa_circRNA_050898/hsa_circ_0050898,0,-0.003202713,,233,circRNA0047905/hsa_circ_0047905,0,-0.002790901,,401,circPDE4B/hsa_circ_0008433,0,-0.002839122,,185,circRNA120,0,-0.002805647
,442,hsa_circ_0001564,0,-0.003207063,,403,hsa_circRNA_103636/hsa_circ_0001410,0,-0.002859551,,513,hsa_circRNA_400031,0,-0.00284016,,222,hsa_circ_0071896,0,-0.002839759
,480,hsa_circ_0006913,0,-0.003214257,,78,hsa_circ_0000098,0,-0.002918462,,472,hsa_circ_0000977,0,-0.002843184,,423,EFCAB11/hsa_circ_0032891,0,-0.002839874
,239,hsa_circ_0000026,0,-0.003312386,,515,hsa_circRNA_103096,0,-0.002932117,,330,hsa_circRNA_004121,0,-0.002869673,,138,circ0817,0,-0.002847156
,475,hsa_circ_0043278,0,-0.003317246,,199,circRNA7536,0,-0.002932456,,159,hsa_circ_0041796,0,-0.002882531,,391,hsa_circRNA_401977,0,-0.002848687
,426,circRNA_081881,0,-0.003383696,,381,hsa_circRNA_104912/hsa_circ_0088442,0,-0.002970105,,126,hsa_circ_0084021,0,-0.002884756,,115,hsa_circ_0000567,0,-0.002912441
,209,circRNA904,0,-0.00341499,,371,hsa_circRNA_104310/hsa_circ_0079385,0,-0.002996661,,152,hsa_circ_0005015,0,-0.002904661,,310,Circ_UNC79,0,-0.002912702
,269,hsa_circRNA_000792,0,-0.003424186,,397,circHLA-C,0,-0.003014684,,318,Circ_CRKL,0,-0.002912231,,318,Circ_CRKL,0,-0.002914092
,374,hsa_circRNA_102039/hsa_circ_0043138,0,-0.003428026,,68,circDENND4C,0,-0.00303459,,496,hsa_circRNA_101356/hsa_circ_0004846,0,-0.002941544,,553,hsa_circ_102584/hsa_circ_0003146,0,-0.002934272
,43,hsa_circ_0007534,0,-0.0034339,,63,circBRIP,0,-0.003070815,,163,hsa_circ_0030055,0,-0.002982938,,105,hsa_circ_0007928,0,-0.003032042
,405,hsa_circRNA_100679/hsa_circ_0005620,0,-0.003442101,,41,circPTK2/hsa_circ_0005273,0,-0.003075051,,585,hsa_circ_0068087,0,-0.003030613,,101,hsa_circRNA_102683/hsa_circ_0007386,0,-0.003039216
,479,hsa_circ_0005397,0,-0.00347295,,122,hsa_circ_0074930,0,-0.003095171,,237,hsa_circ_0085616,0,-0.003040748,,425,circZNF609/hsa_circ_0000615/MICRA,0,-0.003041965
,364,hsa_circ_0058107,0,-0.003496465,,551,circHECTD1,0,-0.003121552,,525,circRNA_05538,0,-0.003045751,,324,circRNA_0046366,0,-0.003073342
,579,hsa_circ_0030045,0,-0.003509643,,278,circRNA.20159,0,-0.003170403,,206,circRNA8505,0,-0.003104516,,568,hsa_circRNA_104349/hsa_circ_0079929,0,-0.003079263
,409,hsa_circRNA_103343/hsa_circ_0002569,0,-0.003518749,,341,hsa_circ_0041731,0,-0.003179798,,397,circHLA-C,0,-0.003129057,,265,hsa_circRNA_100269,0,-0.003126163
,538,hsa_circRNA_104854,0,-0.003536517,,545,hsa_circRNA_102594/hsa_circ_0052012,0,-0.003206395,,190,circRNA3703,0,-0.003163422,,67,circBCL11B,0,-0.003127451
,495,hsa_circRNA_001379/hsa_circ_0000516,0,-0.003557547,,64,circOLA,0,-0.003246613,,569,hsa_circRNA_005525/hsa_circ_0005525,0,-0.003228244,,397,circHLA-C,0,-0.003152857
,204,circRNA7676,0,-0.003570357,,391,hsa_circRNA_401977,0,-0.00324887,,522,hsa_circ_0002908,0,-0.00331243,,385,hsa_circ_102470,0,-0.003190859
,286,hsa_circ_0003586,0,-0.003648094,,31,hsa_circ_0003221/circPTK2,0,-0.003279082,,5,circRNA_0018168/hsa_circ_0018168,0,-0.003329446,,46,circRNA-001283,0,-0.003220809
,433,CircDOCK1/hsa_circ_100721,0,-0.003659098,,435,hsa_circ_0005105,0,-0.003305877,,304,Circ_VCAN,0,-0.003350591,,227,hsa_circ_0003159,0,-0.003336721
,527,circRNA_13478,0,-0.003681445,,125,hsa_circ_0008509,0,-0.003407023,,140,hsa-circRNA11806-28,0,-0.00339424,,427,hsa-circRNA 2149,0,-0.003356576
,52,hsa_circ_0068033,0,-0.003692378,,299,Circ_SMARCA5,0,-0.003412282,,540,hsa_circRNA_404686,0,-0.003396744,,583,hsa_circ_0054633,0,-0.003379231
,195,circRNA5669,0,-0.003740313,,584,hsa_circ_0018508,0,-0.003432569,,308,Circ_STXBP5L,0,-0.003550883,,369,circular RNA100783/hsa_circ_0008887,0,-0.003435968
,30,circRNA BCRC4/hsa_circ_001598/hsa_circ_0001577,0,-0.003755437,,75,circABCB10/hsa_circ_0008717,0,-0.003471213,,396,hsa_circ_0000064,0,-0.003568594,,210,circRNA9227,0,-0.00345877
,539,hsa_circRNA_044353,0,-0.003785468,,345,hsa_circ_0066077,0,-0.003486466,,192,circRNA3707,0,-0.003571681,,239,hsa_circ_0000026,0,-0.003502398
,458,circ_0002198/hsa_circ_0002198,0,-0.003831159,,418,hsa_circ_0056731,0,-0.003514238,,354,hsa_circRNA_100338/circSNX27,0,-0.003574717,,140,hsa-circRNA11806-28,0,-0.003526937
,230,hsa_circ_0001017,0,-0.003835525,,331,hsa_circRNA_014724,0,-0.003534957,,449,hsa_circRNA_100241,0,-0.003612993,,4,circRNA_0086376/hsa_circ_0086376,0,-0.003548499
,13,hsa_circ_0004277,0,-0.003838897,,405,hsa_circRNA_100679/hsa_circ_0005620,0,-0.00355419,,214,circRNA9671,0,-0.00365706,,148,hsa_circ_103736/hsa_circ_0070933,0,-0.003588124
,464,hsa_circRNA_101717,0,-0.00384247,,144,hsa_circ_0082081,0,-0.003573373,,182,circRNA_000695/hsa_circ_0001336,0,-0.00367553,,134,circ3204,0,-0.003593678
,170,hsa_ circRNA_104387,0,-0.00389947,,33,hsa_circ_0091017,0,-0.003661577,,426,circRNA_081881,0,-0.003681832,,203,circRNA7675,0,-0.003622202
,585,hsa_circ_0068087,0,-0.003905827,,541,hsa_circ_0001859,0,-0.003666368,,265,hsa_circRNA_100269,0,-0.003695499,,40,circBC048201/hsa_circ_0061265,0,-0.003668563
,62,circVRK1,0,-0.003909844,,428,hsa_circ_0007385,0,-0.003686533,,551,circHECTD1,0,-0.003712956,,187,circRNA2918,0,-0.003693782
,132,hsa_circ_001988/hsa_circ_0001451,0,-0.003947917,,40,circBC048201/hsa_circ_0061265,0,-0.003706519,,466,hsa_circRNA_102619,0,-0.003746244,,208,circRNA8507,0,-0.003717459
,468,hsa_circRNA_103390,0,-0.003994199,,260,hsa_circ_0069131,0,-0.003718833,,60,hsa_circ_0092276,0,-0.003755131,,570,hsa_circRNA_103458/hsa_circ_0067175,0,-0.003778495
,581,hsa_circ_0030569,0,-0.004059453,,93,hsa_circ_0011021,0,-0.00376091,,171,hsa_circRNA_103410,0,-0.003833699,,272,hsa_circRNA_400066,0,-0.003816679
,47,circRNA-001175,0,-0.004068218,,366,hsa_circ_0036722,0,-0.003772841,,244,hsa_circ_0005927,0,-0.003900891,,44,hsa_circ_0093859,0,-0.003861742
,11,circDLGAP4,0,-0.004087933,,291,chr18:107887-108499,0,-0.00379124,,425,circZNF609/hsa_circ_0000615/MICRA,0,-0.00390233,,489,hsa_circRNA_104348/hsa_circ_0079891,0,-0.003873433
,97,hsa_circ_0087432,0,-0.004093269,,168,hsa_circRNA_100750,0,-0.003794204,,131,hsa_circ_0000677/hsa_circ_001569/circABCC,0,-0.003941388,,533,hsa_circ_0061893,0,-0.003874042
,376,circVMA21/hsa_circ_0091702,0,-0.00409777,,346,hsa_circ_0023117,0,-0.003799882,,581,hsa_circ_0030569,0,-0.003974857,,48,circRNA-100438,0,-0.003876594
,470,hsa_circRNA_104270,0,-0.00414999,,337,hsa_circ_0017515,0,-0.003802024,,180,circRNA_100367/hsa_circ_0014879,0,-0.003994934,,160,hsa_circ_0072410,0,-0.003936689
,313,Circ_RNF10,0,-0.004165545,,46,circRNA-001283,0,-0.003822418,,19,hsa_circ_0003575,0,-0.004012564,,259,hsa_circ_0031979,0,-0.003969148
,318,Circ_CRKL,0,-0.004183113,,83,hsa_circ_0000893,0,-0.003846664,,243,hsa_circ_0061274,0,-0.004038828,,206,circRNA8505,0,-0.004006822
,260,hsa_circ_0069131,0,-0.004213843,,560,hsa_circRNA_003251,0,-0.003873488,,33,hsa_circ_0091017,0,-0.004047747,,418,hsa_circ_0056731,0,-0.004023254
,205,circRNA7679,0,-0.004239437,,319,Circ_R3HDM1,0,-0.003894883,,138,circ0817,0,-0.004054885,,507,hsa_circ_0000378,0,-0.00402759
,165,hsa_circ_0068489,0,-0.004273878,,84,hsa_circ_0000981,0,-0.003966655,,579,hsa_circ_0030045,0,-0.004105924,,536,hsa_circRNA_103716/hsa_circ_0006935,0,-0.004082011
,311,Circ_EML5,0,-0.004298489,,562,hsa_circRNA_100918,0,-0.003991062,,371,hsa_circRNA_104310/hsa_circ_0079385,0,-0.004108934,,378,hsa_circ_0041946,0,-0.004087068
,289,chr4:103501692-103504114,0,-0.004306395,,251,circ-104916,0,-0.004001449,,264,hsa_circRNA_104423,0,-0.004112422,,97,hsa_circ_0087432,0,-0.004122807
,221,hsa_circ_0072668,0,-0.004363681,,170,hsa_ circRNA_104387,0,-0.004042948,,385,hsa_circ_102470,0,-0.004119928,,146,hsa_circ_0098964,0,-0.00416001
,41,circPTK2/hsa_circ_0005273,0,-0.004366081,,275,circRNA.1030,0,-0.004043755,,55,hsa_circ_0002113,0,-0.004183172,,540,hsa_circRNA_404686,0,-0.004208743
,315,Circ_ADCY1,0,-0.00437395,,221,hsa_circ_0072668,0,-0.004049861,,170,hsa_ circRNA_104387,0,-0.004184976,,444,hsa_circRNA_103801,0,-0.004223527
,5,circRNA_0018168/hsa_circ_0018168,0,-0.004451249,,362,hsa_circ_0005870,0,-0.004100423,,350,hsa_circ_0067531,0,-0.004190211,,430,hsa_circ_0016760,0,-0.004288031
,254,hsa_circ_0091742,0,-0.004487786,,585,hsa_circ_0068087,0,-0.004237031,,225,hsa_circ_0029067,0,-0.004231167,,516,hsa_circRNA_102347,0,-0.004295437
,351,CircARSP91/hsa_circ_0085154,0,-0.0045435,,171,hsa_circRNA_103410,0,-0.004258051,,521,hsa_circ_0063179,0,-0.004253649,,456,hsa_circ_0016347,0,-0.004324656
,517,hsa_circ_0000681,0,-0.004698587,,130,hsa_circ_0000069,0,-0.004282541,,497,hsa_circRNA_102002/hsa_circ_0003505,0,-0.004265366,,577,hsa_circRNA_104296,0,-0.004346455
,552,hsa_circ_400011/hsa_circ_0092374,0,-0.004702837,,316,Circ_ETFA,0,-0.004296671,,429,hsa_circ_0014130,0,-0.004275194,,382,hsa_circ_101396,0,-0.004347042
,24,hsa_circ_0000172,0,-0.004706496,,504,hsa_circ_407176,0,-0.00430744,,164,hsa_circ_0026372,0,-0.004301716,,373,hsa_circRNA_051239/hsa_circ_0051239,0,-0.004348647
,200,circRNA7537,0,-0.004707778,,268,hsa_circRNA_400071,0,-0.00431905,,239,hsa_circ_0000026,0,-0.004302006,,247,circLARP4,0,-0.004354979
,389,hsa_circRNA_404833,0,-0.004765994,,290,hsa_circ_0001566,0,-0.004360311,,104,hsa_circ_0001187,0,-0.004308209,,458,circ_0002198/hsa_circ_0002198,0,-0.004362742
,373,hsa_circRNA_051239/hsa_circ_0051239,0,-0.004791141,,431,hsa_circ_0043256,0,-0.004400995,,576,hsa_circRNA_104964,0,-0.00430854,,431,hsa_circ_0043256,0,-0.004464009
,566,hsa_circRNA_002271/hsa_circ_0002271,0,-0.004819633,,240,hsa_circ_0000144,0,-0.004410482,,493,hsa_circRNA_104268/hsa_circ_0078738,0,-0.004359976,,517,hsa_circ_0000681,0,-0.004469124
,339,hsa_circ_0005931,0,-0.00482756,,132,hsa_circ_001988/hsa_circ_0001451,0,-0.004413447,,211,circRNA9652,0,-0.004376656,,304,Circ_VCAN,0,-0.004548449
,148,hsa_circ_103736/hsa_circ_0070933,0,-0.004881236,,427,hsa-circRNA 2149,0,-0.004429477,,45,circRNA-000911,0,-0.004461472,,207,circRNA8506,0,-0.004581487
,312,Circ_CEP192,0,-0.004926054,,184,circRNA_101419/hsa_circ_0032832,0,-0.004516276,,219,hsa_circ_0002161,0,-0.004529829,,102,hsa_circ_0008844,0,-0.004602457
,150,hsa_circ_101555/hsa_circ_0001955,0,-0.004948311,,417,hsa_circ_0001400,0,-0.004633529,,512,hsa_circRNA_100571,0,-0.004531318,,408,hsa_circRNA_100914/hsa_circ_0023903,0,-0.004615338
,102,hsa_circ_0008844,0,-0.004963502,,401,circPDE4B/hsa_circ_0008433,0,-0.004650664,,221,hsa_circ_0072668,0,-0.004535356,,350,hsa_circ_0067531,0,-0.004647674
,125,hsa_circ_0008509,0,-0.004973923,,97,hsa_circ_0087432,0,-0.004656743,,488,hsa_circRNA_100777/hsa_circ_0021553,0,-0.004547107,,330,hsa_circRNA_004121,0,-0.004668731
,508,hsa_circ_0006427,0,-0.004986312,,516,hsa_circRNA_102347,0,-0.004658752,,297,circTTBK2/hsa_circ_0000594,0,-0.004567392,,231,hsa_circ_0061276,0,-0.004673927
,116,hsa_circ_000984/hsa_circ_0001724,0,-0.005029348,,164,hsa_circ_0026372,0,-0.004848103,,166,hsa_circRNA_063981,0,-0.004568729,,74,hsa_circ_406697,0,-0.00470697
,427,hsa-circRNA 2149,0,-0.00504502,,57,hsa_circ_0001667,0,-0.004877723,,16,circRNA_102913/hsa_circ_0058058,0,-0.00456989,,180,circRNA_100367/hsa_circ_0014879,0,-0.004753946
,93,hsa_circ_0011021,0,-0.005076685,,92,hsa_circ_0018289,0,-0.004880368,,325,has-circRNA_0046367,0,-0.004591222,,451,hsa_circRNA_104692,0,-0.004775111
,525,circRNA_05538,0,-0.005141366,,247,circLARP4,0,-0.004905743,,175,hsa_circ_0109046,0,-0.004596453,,529,hsa_circ_0071410,0,-0.004780102
,472,hsa_circ_0000977,0,-0.005154372,,208,circRNA8507,0,-0.004925217,,63,circBRIP,0,-0.00461251,,523,circRNA_14623,0,-0.004788077
,445,hsa_circRNA_102049,0,-0.005165279,,313,Circ_RNF10,0,-0.004983465,,263,hsa_circRNA_101308,0,-0.004706535,,531,hsa_circ_0072765,0,-0.00481928
,33,hsa_circ_0091017,0,-0.005168167,,237,hsa_circ_0085616,0,-0.005000802,,531,hsa_circ_0072765,0,-0.004724897,,534,hsa_circ_0013255,0,-0.004836019
,14,hsa_circ_0035381,0,-0.005193667,,453,hsa_circRNA_102678,0,-0.005089852,,34,hsa_circ_0002024,0,-0.004754109,,514,hsa_circRNA_102032,0,-0.004852245
,208,circRNA8507,0,-0.005253506,,238,hsa_circ_0006127,0,-0.005108864,,526,circRNA_09993,0,-0.00480273,,137,circ7780,0,-0.004862882
,346,hsa_circ_0023117,0,-0.005276033,,198,circRNA7535,0,-0.005195001,,345,hsa_circ_0066077,0,-0.004807784,,103,hsa_circ_0001212,0,-0.004949299
,130,hsa_circ_0000069,0,-0.005320146,,547,circRNA_003524,0,-0.005197364,,285,hsa_circ_0006411,0,-0.00481068,,7,hsa_circ_0009128,0,-0.004979475
,513,hsa_circRNA_400031,0,-0.005367919,,269,hsa_circRNA_000792,0,-0.005197728,,570,hsa_circRNA_103458/hsa_circ_0067175,0,-0.004914319,,229,hsa_circ_0074362,0,-0.00500441
,451,hsa_circRNA_104692,0,-0.005380318,,88,MCF7_circ_000595,0,-0.005198126,,485,hsa_circRNA_104566/hsa_circ_0004458,0,-0.004921096,,35,circMylk/circRNA-MYLK/hsa_circ_0002768,0,-0.005043611
,408,hsa_circRNA_100914/hsa_circ_0023903,0,-0.005402283,,513,hsa_circRNA_400031,0,-0.005242248,,409,hsa_circRNA_103343/hsa_circ_0002569,0,-0.004940561,,497,hsa_circRNA_102002/hsa_circ_0003505,0,-0.00506052
,73,hsa_circ_100219/hsa_circ_0004619,0,-0.005405005,,494,hsa_circRNA_103307/hsa_circ_0064557,0,-0.005246695,,412,hsa_circRNA_067209/hsa_circ_0067209,0,-0.005016505,,213,circRNA9658,0,-0.005066093
,434,circRNA_100290/hsa_circ_0013339/hsa_circ_100290,0,-0.005440706,,394,circRNA_102231,0,-0.005304627,,99,hsa_circ_0002343,0,-0.005051002,,144,hsa_circ_0082081,0,-0.005081724
,285,hsa_circ_0006411,0,-0.005446842,,348,hsa_circ_0072359,0,-0.005309532,,286,hsa_circ_0003586,0,-0.005053708,,205,circRNA7679,0,-0.005108166
,257,hsa_circ_0085553,0,-0.005457995,,81,hsa_circ_0018293,0,-0.005311131,,399,circFAM188A/hsa_circ_0000219,0,-0.005149815,,165,hsa_circ_0068489,0,-0.005215748
,572,hsa_circRNA_001937,0,-0.005490655,,566,hsa_circRNA_002271/hsa_circ_0002271,0,-0.005363394,,506,hsa_circ_0089810,0,-0.005156823,,432,hsa_circ_0023404/circRNA_100876/circ-CER,0,-0.005231873
,37,circFAM169A/hsa_circ_0007158,0,-0.005496692,,187,circRNA2918,0,-0.005377984,,424,DTNA/hsa_circ_0108308,0,-0.005186715,,37,circFAM169A/hsa_circ_0007158,0,-0.005236051
,435,hsa_circ_0005105,0,-0.005500935,,380,hsa_circRNA_100855/hsa_circ_0023028,0,-0.005486061,,527,circRNA_13478,0,-0.005187045,,81,hsa_circ_0018293,0,-0.005287527
,207,circRNA8506,0,-0.005541376,,34,hsa_circ_0002024,0,-0.00551661,,499,hsa_circ_101222/hsa_circ_0029601,0,-0.005194398,,355,hsa_circRNA_104075,0,-0.005341272
,244,hsa_circ_0005927,0,-0.0056149,,17,hsa_circ_0017446,0,-0.005520913,,54,hsa_circ_0006528,0,-0.005238869,,299,Circ_SMARCA5,0,-0.005347461
,217,circPRKCI/hsa_circ_0067934,0,-0.00562475,,387,circIPO11/hsa_circRNA_103847/hsa_circ_0007915,0,-0.005609422,,364,hsa_circ_0058107,0,-0.0053054,,252,hsa_circ_0006633,0,-0.005450628
,234,circRNA0138960/hsa_circ_0138960,0,-0.005642175,,186,circRNA167,0,-0.005616075,,43,hsa_circ_0007534,0,-0.005410657,,277,circRNA.33299,0,-0.005490766
,72,hsa_circ_006054/hsa_circ_0006054,0,-0.005702586,,301,Circ_HIPK3,0,-0.005725756,,561,hsa_circRNA_015115,0,-0.005421641,,557,hsa_circ_100226/hsa_circ_0046599,0,-0.005495313
,553,hsa_circ_102584/hsa_circ_0003146,0,-0.005703061,,314,Circ_SAFB2,0,-0.005743005,,347,hsa_circ_0057336,0,-0.005436954,,121,hsa_circ_0007006,0,-0.005675907
,154,hsa_circ_0066922,0,-0.005726328,,421,IQCK/hsa_circ_0038374,0,-0.005762427,,155,hsa_circ_0081108,0,-0.005471896,,443,circ-NT5C2/hsa_circ_0092509,0,-0.005684507
,138,circ0817,0,-0.005756031,,390,hsa_circRNA_006411,0,-0.005862639,,358,hsa_circRNA_100709/hsa_circ_0003570,0,-0.005650687,,90,circR-284,0,-0.005727849
,175,hsa_circ_0109046,0,-0.005762131,,56,hsa_circ_0002874,0,-0.005866838,,102,hsa_circ_0008844,0,-0.005704266,,77,hsa_circ_0000732,0,-0.005761543
,326,hsa_circRNA_002082,0,-0.005778095,,27,Chr5: 158368701,0,-0.005880936,,447,hsa_circRNA_101113,0,-0.005715107,,538,hsa_circRNA_104854,0,-0.005809034
,38,circTRIM24/hsa_circ_0082582,0,-0.005843181,,245,hsa_circ_0092341,0,-0.005899491,,179,circRNA_100984/hsa_circ_0002019,0,-0.005732894,,435,hsa_circ_0005105,0,-0.005832085
,344,hsa_circ_0023114,0,-0.005857359,,542,hsa_circRNA_104593/hsa_circ_0083964,0,-0.006004576,,462,hsa_circ_0000673,0,-0.005784399,,314,Circ_SAFB2,0,-0.005923233
,246,hsa_circ_0001561,0,-0.005873532,,159,hsa_circ_0041796,0,-0.006082056,,185,circRNA120,0,-0.005790351,,225,hsa_circ_0029067,0,-0.005938687
,300,Circ_KCNN2,0,-0.005920375,,351,CircARSP91/hsa_circ_0085154,0,-0.006110054,,387,circIPO11/hsa_circRNA_103847/hsa_circ_0007915,0,-0.005819101,,541,hsa_circ_0001859,0,-0.005944758
,20,circANRIL,0,-0.005931922,,463,hsa_circRNA_100433,0,-0.006141665,,334,hsa_circ_0067745,0,-0.005994548,,154,hsa_circ_0066922,0,-0.005952978
,450,hsa_circRNA_104980,0,-0.005961889,,114,hsa_circ_0014717,0,-0.006285497,,39,circZFR/hsa_circRNA_103809/hsa_circ_0072088,0,-0.00603686,,357,circRNA_000839,0,-0.005994168
,568,hsa_circRNA_104349/hsa_circ_0079929,0,-0.005988845,,411,hsa_circRNA_101720/hsa_circ_0002078,0,-0.006310867,,77,hsa_circ_0000732,0,-0.006041704,,334,hsa_circ_0067745,0,-0.006048964
,558,hsa_circ_100775/hsa_circ_0021549,0,-0.006000846,,283,hsa_circ_0008345,0,-0.006340943,,420,GSDMB ecircRNA/hsa_circ_0106803,0,-0.006084487,,509,hsa_circ_0003171,0,-0.00607072
,398,circEKL4/hsa_circ_0000175,0,-0.006021573,,11,circDLGAP4,0,-0.006383437,,480,hsa_circ_0006913,0,-0.006207449,,442,hsa_circ_0001564,0,-0.006084588
,388,hsa_circ_0012673,0,-0.006072348,,488,hsa_circRNA_100777/hsa_circ_0021553,0,-0.006396759,,168,hsa_circRNA_100750,0,-0.006221883,,410,hsa_circRNA_050898/hsa_circ_0050898,0,-0.006180405
,372,hsa_circRNA_102116/hsa_circ_0003258,0,-0.006111345,,180,circRNA_100367/hsa_circ_0014879,0,-0.006420116,,508,hsa_circ_0006427,0,-0.006344652,,389,hsa_circRNA_404833,0,-0.006259924
,481,hsa_circ_0000257,0,-0.006226095,,234,circRNA0138960/hsa_circ_0138960,0,-0.006473271,,274,hsa_circ_0000140/hsa_circ_002059,0,-0.006359295,,338,hsa_circ_0045510,0,-0.006287566
,226,hsa_circ_0005127,0,-0.006298228,,467,hsa_circRNA_103076,0,-0.006512376,,408,hsa_circRNA_100914/hsa_circ_0023903,0,-0.006433006,,111,circRTN4,0,-0.006318113
,519,hsa_circ_0002362,0,-0.006342714,,3,circRNA_0005941/hsa_circ_0005941,0,-0.006537333,,416,hsa_circ_0000519,0,-0.00644305,,3,circRNA_0005941/hsa_circ_0005941,0,-0.006350797
,332,hsa_circ_0015756,0,-0.006458439,,102,hsa_circ_0008844,0,-0.006566721,,346,hsa_circ_0023117,0,-0.006492415,,126,hsa_circ_0084021,0,-0.006379106
,57,hsa_circ_0001667,0,-0.006621796,,458,circ_0002198/hsa_circ_0002198,0,-0.006750237,,291,chr18:107887-108499,0,-0.006494912,,325,has-circRNA_0046367,0,-0.006385357
,540,hsa_circRNA_404686,0,-0.006631539,,286,hsa_circ_0003586,0,-0.006790318,,341,hsa_circ_0041731,0,-0.006546528,,315,Circ_ADCY1,0,-0.006433411
,233,circRNA0047905/hsa_circ_0047905,0,-0.006707374,,112,circRHOBTB3,0,-0.00681225,,247,circLARP4,0,-0.006569583,,401,circPDE4B/hsa_circ_0008433,0,-0.00648437
,110,circARHGAP5,0,-0.006751153,,368,hsa_circ_0001189,0,-0.0068164,,266,hsa_circRNA_104916,0,-0.006594267,,11,circDLGAP4,0,-0.006712907
,573,hsa_circRNA_009024,0,-0.006782542,,253,hsa_circ_0058246,0,-0.006879111,,394,circRNA_102231,0,-0.006600982,,253,hsa_circ_0058246,0,-0.006780982
,381,hsa_circRNA_104912/hsa_circ_0088442,0,-0.006783364,,193,circRNA378,0,-0.007009706,,275,circRNA.1030,0,-0.006620439,,503,hsa_circ_406329,0,-0.006854771
,63,circBRIP,0,-0.006810598,,232,circ-ZFR,0,-0.007073471,,463,hsa_circRNA_100433,0,-0.006733189,,201,circRNA7673,0,-0.006886951
,491,hsa_circRNA_105038/hsa_circ_0091894,0,-0.006821229,,89,circWDR77/hsa_circ_0013509,0,-0.00716417,,414,hsa_circ_0005402,0,-0.006992652,,52,hsa_circ_0068033,0,-0.007114001
,108,hsa_circ_0000096/circHIAT1/hsa_circ_001013,0,-0.006923124,,261,circRNA_100269,0,-0.007165971,,84,hsa_circ_0000981,0,-0.006994004,,411,hsa_circRNA_101720/hsa_circ_0002078,0,-0.007307388
,454,hsa_circRNA_100258,0,-0.006923666,,111,circRTN4,0,-0.007280691,,430,hsa_circ_0016760,0,-0.007003489,,241,hsa_circ_0032821,0,-0.007371228
,32,hsa_circRNA_100782/circHIPK3/hsa_circ_0000284,0,-0.006972679,,468,hsa_circRNA_103390,0,-0.007312457,,188,circRNA3341,0,-0.007005691,,447,hsa_circRNA_101113,0,-0.007467904
,232,circ-ZFR,0,-0.007134588,,478,hsa_circ_0005785,0,-0.00741832,,88,MCF7_circ_000595,0,-0.007020322,,47,circRNA-001175,0,-0.007546507
,436,hsa_circ_0045714,0,-0.007260726,,437,hsa_circRNA_000598,0,-0.007424601,,41,circPTK2/hsa_circ_0005273,0,-0.007026684,,311,Circ_EML5,0,-0.007555125
,571,circGFRA1/hsa_circ_005239,0,-0.00727221,,115,hsa_circ_0000567,0,-0.007500746,,473,hsa_circ_0006220,0,-0.007031532,,406,hsa_circRNA_102802/hsa_circ_0056048,0,-0.007634998
,557,hsa_circ_100226/hsa_circ_0046599,0,-0.007276611,,96,hsa_circ_0089231,0,-0.007527829,,242,hsa_circ_0005529,0,-0.007043188,,450,hsa_circRNA_104980,0,-0.007638658
,46,circRNA-001283,0,-0.007364793,,218,hsa_circ_0037911,0,-0.007616269,,329,hsa_circRNA_007850,0,-0.007081136,,94,hsa_circ_0034912,0,-0.007719775
,544,hsa_circRNA_101407/hsa_circ_0032683,0,-0.007502562,,149,hsa_circ_103737/hsa_circ_0070934,0,-0.007625468,,145,hsa_circ_0113854,0,-0.007139456,,153,hsa_circ_0019069,0,-0.007757245
,501,hsa_circRNA_104820/circFAM120A/hsa_circ_0005218,0,-0.007558921,,300,Circ_KCNN2,0,-0.007641584,,118,hsa_circ_0020397,0,-0.007183007,,460,hsa_circ_0026143,0,-0.007826996
,265,hsa_circRNA_100269,0,-0.007626985,,65,circETFA,0,-0.007705346,,17,hsa_circ_0017446,0,-0.007279714,,188,circRNA3341,0,-0.007844011
,29,Cir-ITCH/hsa_circ_0001141/hsa_circ_001763,0,-0.007687588,,535,hsa_circRNA_070616/hsa_circ_0070616,0,-0.007727797,,536,hsa_circRNA_103716/hsa_circ_0006935,0,-0.007280342,,269,hsa_circRNA_000792,0,-0.008020297
,137,circ7780,0,-0.00772026,,179,circRNA_100984/hsa_circ_0002019,0,-0.007779234,,500,hsa_circRNA_102682/circCRIM1/hsa_circ_0005442,0,-0.007316859,,455,cir-GLI2/hsa_circ_0056288,0,-0.00813355
,27,Chr5: 158368701,0,-0.008148889,,432,hsa_circ_0023404/circRNA_100876/circ-CER,0,-0.00780179,,279,circRNA.37134,0,-0.00731788,,59,hsa_circ_0086241,0,-0.008141895
,578,hsa_circ_0043497,0,-0.008202411,,565,hsa_circRNA_104634/hsa_circ_0084615,0,-0.0079057,,90,circR-284,0,-0.007415282,,390,hsa_circRNA_006411,0,-0.008241227
,258,hsa_circ_0006022,0,-0.008219922,,489,hsa_circRNA_104348/hsa_circ_0079891,0,-0.007956988,,272,hsa_circRNA_400066,0,-0.008213471,,448,hsa_circRNA_102485,0,-0.008251212
,500,hsa_circRNA_102682/circCRIM1/hsa_circ_0005442,0,-0.008223195,,47,circRNA-001175,0,-0.008038104,,470,hsa_circRNA_104270,0,-0.008249604,,123,hsa_circ_0048232,0,-0.008326483
,499,hsa_circ_101222/hsa_circ_0029601,0,-0.008333394,,442,hsa_circ_0001564,0,-0.008061863,,504,hsa_circ_407176,0,-0.008301145,,346,hsa_circ_0023117,0,-0.008376844
,460,hsa_circ_0026143,0,-0.008595723,,434,circRNA_100290/hsa_circ_0013339/hsa_circ_100290,0,-0.008324265,,47,circRNA-001175,0,-0.008382769,,519,hsa_circ_0002362,0,-0.008377165
,187,circRNA2918,0,-0.00873164,,409,hsa_circRNA_103343/hsa_circ_0002569,0,-0.008437588,,379,hsa_circ_0021001,0,-0.008494568,,25,hsa_circ_0002495,0,-0.008591634
,490,hsa_circRNA_103454/hsa_circ_0067103,0,-0.009118274,,406,hsa_circRNA_102802/hsa_circ_0056048,0,-0.008596338,,11,circDLGAP4,0,-0.008601732,,20,circANRIL,0,-0.008641094
,123,hsa_circ_0048232,0,-0.00918079,,289,chr4:103501692-103504114,0,-0.008740488,,228,hsa_circ_0000520,0,-0.008882498,,506,hsa_circ_0089810,0,-0.008672087
,386,circFUT8/hsa_circRNA_101368/hsa_circ_0003028,0,-0.009239239,,353,hsa_circ_0005986,0,-0.008943069,,177,circRNA_104983/hsa_circ_0089974,0,-0.008887756,,228,hsa_circ_0000520,0,-0.008688584
,155,hsa_circ_0081108,0,-0.009290635,,367,hsa_circ_0002260,0,-0.008997258,,359,circZKSCAN1/hsa_circ_0001727,0,-0.008936187,,28,Chr9: 74522734,0,-0.008736916
,106,hsa_circ_0001649,0,-0.009790959,,72,hsa_circ_006054/hsa_circ_0006054,0,-0.009082123,,316,Circ_ETFA,0,-0.009042387,,414,hsa_circ_0005402,0,-0.008988903
,249,hsa_circ_0035431,0,-0.010082778,,477,circRNA_100782,0,-0.009176108,,431,hsa_circ_0043256,0,-0.009338465,,569,hsa_circRNA_005525/hsa_circ_0005525,0,-0.009015103
,363,hsa_circ_0058106,0,-0.010389888,,456,hsa_circ_0016347,0,-0.009258043,,120,hsa_circ_0000504,0,-0.009750596,,440,circRNA-MSR/hsa_circ_0005567,0,-0.009046816
,156,hsa_circ_0081162,0,-0.010476661,,200,circRNA7537,0,-0.009408382,,57,hsa_circ_0001667,0,-0.010076629,,91,circRNA-000284,0,-0.009131437
,267,hsa_circ_0000190,0,-0.011061365,,116,hsa_circ_000984/hsa_circ_0001724,0,-0.009559307,,459,hsa_circ_0062557,0,-0.01012701,,513,hsa_circRNA_400031,0,-0.009236504
,152,hsa_circ_0005015,0,-0.011099273,,297,circTTBK2/hsa_circ_0000594,0,-0.009637264,,106,hsa_circ_0001649,0,-0.010228085,,333,hsa_circ_0040081,0,-0.009236878
,75,circABCB10/hsa_circ_0008717,0,-0.011121066,,255,hsa_circ_0089548,0,-0.010151994,,114,hsa_circ_0014717,0,-0.010280482,,320,Circ_MCTP1/hsa_circ_0005540,0,-0.009285297
,271,hsa_circRNA_001959,0,-0.011180508,,571,circGFRA1/hsa_circ_005239,0,-0.01078973,,196,circRNA666,0,-0.010342997,,291,chr18:107887-108499,0,-0.010084138
,425,circZNF609/hsa_circ_0000615/MICRA,0,-0.011434422,,39,circZFR/hsa_circRNA_103809/hsa_circ_0072088,0,-0.010845426,,393,circMAN2B2/hsa_circRNA_103595,0,-0.01087221,,186,circRNA167,0,-0.010121054
,39,circZFR/hsa_circRNA_103809/hsa_circ_0072088,0,-0.01148461,,386,circFUT8/hsa_circRNA_101368/hsa_circ_0003028,0,-0.01085475,,296,hsa_circ_0046701,0,-0.011799929,,547,circRNA_003524,0,-0.010127145
,293,circSMARCA5/hsa_circ_0001445,0,-0.012057266,,140,hsa-circRNA11806-28,0,-0.011146674,,534,hsa_circ_0013255,0,-0.011911412,,512,hsa_circRNA_100571,0,-0.011254707
,387,circIPO11/hsa_circRNA_103847/hsa_circ_0007915,0,-0.012421465,,95,hsa_circ_0091822,0,-0.011150461,,86,circPVT1/hsa_circ_0001821,0,-0.013841677,,162,hsa_circ_0057093,0,-0.011334739
,114,hsa_circ_0014717,0,-0.013132953,,129,hsa_circRNA_104700,0,-0.011585428,,458,circ_0002198/hsa_circ_0002198,0,-0.014873207,,441,hsa_circ_0009910,0,-0.011529611
,263,hsa_circRNA_101308,0,-0.013236639,,228,hsa_circ_0000520,0,-0.013523592,,461,hsa_circ_0023115,0,-0.015571475,,362,hsa_circ_0005870,0,-0.013059891
,107,circATP2B1/hsa_circ_000826/hsa_circ_0000426,0,-0.013582075,,108,hsa_circ_0000096/circHIAT1/hsa_circ_001013,0,-0.014526142,,460,hsa_circ_0026143,0,-0.015748988,,551,circHECTD1,0,-0.013312754
